record_id,title,authority,source_type,jurisdiction,court,document_date,year,act_section,legal_status,effective_date,download_date,sha256,source_url,item_url,original_filename,local_path,mime_type,size_bytes,language,parent_act,repository_item_id,repository_bitstream_id,notes
url:a019dad267e1c17d506273e9c4c962b17b0be4966c96df6b6354dd974ffb2f6e,"THE BHARATIYA NYAYA SANHITA, 2023","Ministry of Home Affairs, Government of India",act,India - Central,,,2023,,current/verify,,2026-08-20,c9da896e7a16c481a46235789f74f545b7a9ed7f3a5c8049d0b1b9252c6731f4,https://www.mha.gov.in/sites/default/files/2024-04/250883_english_01042024.pdf,https://www.mha.gov.in/en/commoncontent/new-criminal-laws,250883_english_01042024.pdf,originals/government/www.mha.gov.in/a019dad267e1c17d/250883_english_01042024.pdf,application/pdf,1324200,English,,,,Official Government of India source page
url:d43edebed6a8046dc40d7f87c38dd1c825fb58710ae057655a16c29d29c8c532,"THE BHARATIYA SAKSHYA ADHINIYAM, 2023","Ministry of Home Affairs, Government of India",act,India - Central,,,2023,,current/verify,,2026-08-20,13e2b6eb66add222c7262ccaa0b08d58e48ca22cdf0953f6541123ef039de239,https://www.mha.gov.in/sites/default/files/2024-04/250882_english_01042024_0.pdf,https://www.mha.gov.in/en/commoncontent/new-criminal-laws,250882_english_01042024_0.pdf,originals/government/www.mha.gov.in/d43edebed6a8046d/250882_english_01042024_0.pdf,application/pdf,670370,English,,,,Official Government of India source page
url:c7fcbe6da158a7a644fa6b3124c7e686296150d1fc9a2c8f05301dd36056a007,"THE BHARATIYA NAGARIK SURAKSHA SANHITA, 2023","Ministry of Home Affairs, Government of India",act,India - Central,,,2023,,current/verify,,2026-08-20,5e60e2afe30d0fe7eca4f8126301146b76c86a444e690581f81eb564843517fe,https://www.mha.gov.in/sites/default/files/2024-04/250884_2_english_01042024.pdf,https://www.mha.gov.in/en/commoncontent/new-criminal-laws,250884_2_english_01042024.pdf,originals/government/www.mha.gov.in/c7fcbe6da158a7a6/250884_2_english_01042024.pdf,application/pdf,2033181,English,,,,Official Government of India source page
url:acda457ff2f38ba1546802de7cb8d5c7e5a9c2a95e00b31d8cc600bb85c254fd,"THE BHARATIYA NYAYA SANHITA, 2023","Ministry of Home Affairs, Government of India - Judicial Division",act,India - Central,,,2023,,current/verify,,2026-08-20,c9da896e7a16c481a46235789f74f545b7a9ed7f3a5c8049d0b1b9252c6731f4,https://www.mha.gov.in/sites/default/files/2026-02/1_250883_english_01042024.pdf,https://www.mha.gov.in/en/commoncontent/judicial-division,1_250883_english_01042024.pdf,originals/government/www.mha.gov.in/acda457ff2f38ba1/1_250883_english_01042024.pdf,application/pdf,1324200,English,,,,Official Government of India source page
url:d7a0cbfbc3753771d5439f58f5e2293e70f61411e2184f410120fc85e11f9066,"THE BHARATIYA SAKSHYA ADHINIYAM, 2023","Ministry of Home Affairs, Government of India - Judicial Division",act,India - Central,,,2023,,current/verify,,2026-08-20,13e2b6eb66add222c7262ccaa0b08d58e48ca22cdf0953f6541123ef039de239,https://www.mha.gov.in/sites/default/files/2026-02/2_250882_english_01042024_0.pdf,https://www.mha.gov.in/en/commoncontent/judicial-division,2_250882_english_01042024_0.pdf,originals/government/www.mha.gov.in/d7a0cbfbc3753771/2_250882_english_01042024_0.pdf,application/pdf,670370,English,,,,Official Government of India source page
url:869bb48630ba6dfb0c0a238059bb5fa641f07ccbc9befd5668c48536552e90c5,"THE BHARATIYA NAGARIK SURAKSHA SANHITA, 2023","Ministry of Home Affairs, Government of India - Judicial Division",act,India - Central,,,2023,,current/verify,,2026-08-20,5e60e2afe30d0fe7eca4f8126301146b76c86a444e690581f81eb564843517fe,https://www.mha.gov.in/sites/default/files/2026-02/3_250884_2_english_01042024.pdf,https://www.mha.gov.in/en/commoncontent/judicial-division,3_250884_2_english_01042024.pdf,originals/government/www.mha.gov.in/869bb48630ba6dfb/3_250884_2_english_01042024.pdf,application/pdf,2033181,English,,,,Official Government of India source page
url:89d23a2a1cd94aad1d4c49dfafc3f3c3573812ffd134eba7d53f3ddc500e49c8,"The Criminal Law (Amendment) Act, 2018","Ministry of Home Affairs, Government of India - Judicial Division",act,India - Central,,,2018,,current/verify,,2026-08-20,86ae202053a6ca67994ffe407a187c35f8b327777feae623f8f74f457b13682b,https://www.mha.gov.in/sites/default/files/2025-11/1CSdivTheCriminalLawAct_27022023.pdf,https://www.mha.gov.in/en/commoncontent/judicial-division,1CSdivTheCriminalLawAct_27022023.pdf,originals/government/www.mha.gov.in/89d23a2a1cd94aad/1CSdivTheCriminalLawAct_27022023.pdf,application/pdf,1645391,English,,,,Official Government of India source page
url:fca86823d7f8d99b23ed78b05d9270ad130d92570b7f28f40d6becfe94b59d5a,"The Code of Criminal Procedure (Amendment) Act, 2010","Ministry of Home Affairs, Government of India - Judicial Division",act,India - Central,,,2010,,current/verify,,2026-08-20,44ac8aa22b340162bce834bf4e997b493bcdbbb06722f2029523d2b1da371cb8,https://www.mha.gov.in/sites/default/files/2025-11/3CrPCAct2010_27022023.pdf,https://www.mha.gov.in/en/commoncontent/judicial-division,3CrPCAct2010_27022023.pdf,originals/government/www.mha.gov.in/fca86823d7f8d99b/3CrPCAct2010_27022023.pdf,application/pdf,72993,English,,,,Official Government of India source page
url:f27ef59d8b5584d0825133803192adb2543cb23b0f79e7afe224d9cbf14c9c5b,"The Commissions of Inquiry Act, 1952","Ministry of Home Affairs, Government of India - Judicial Division",act,India - Central,,,1952,,current/verify,,2026-08-20,434d4ee93837cf9037617a7b8866c1c9fb651d88401b419e64d7569f05ab207e,https://www.mha.gov.in/sites/default/files/2025-11/4A1952_27022023.pdf,https://www.mha.gov.in/en/commoncontent/judicial-division,4A1952_27022023.pdf,originals/government/www.mha.gov.in/f27ef59d8b5584d0/4A1952_27022023.pdf,application/pdf,208210,English,,,,Official Government of India source page
url:8a6eabad9a3e0d6466b587c15ae7be133537cfee42b913fc83d109ab7d414afd,"The Indian Penal Code Act, 1860","Ministry of Home Affairs, Government of India - Judicial Division",act,India - Central,,,1860,,current/verify,,2026-08-20,f25d61547212f152dda8c96b19ac05a286f3a9eb6a95490ab55ec40aa4f53197,https://www.mha.gov.in/sites/default/files/2025-11/5IPC1860_27022023.pdf,https://www.mha.gov.in/en/commoncontent/judicial-division,5IPC1860_27022023.pdf,originals/government/www.mha.gov.in/8a6eabad9a3e0d64/5IPC1860_27022023.pdf,application/pdf,366748,English,,,,Official Government of India source page
url:fbacf8ade3a7067c17d8adc3820edd690952e2103d8b41b41843f603f72c7b60,"The Commissions of Inquiry (Central) Rules,1972","Ministry of Home Affairs, Government of India - Judicial Division",rule,India - Central,,,1972,,current/verify,,2026-08-20,b16d076f5de31861d492a52e026bf6ac8c48ab473c796336c3bf7c0a6fe735c0,https://www.mha.gov.in/sites/default/files/2025-11/1TheCommissionsOfInquiryRules1972_27022023.pdf,https://www.mha.gov.in/en/commoncontent/judicial-division,1TheCommissionsOfInquiryRules1972_27022023.pdf,originals/government/www.mha.gov.in/fbacf8ade3a7067c/1TheCommissionsOfInquiryRules1972_27022023.pdf,application/pdf,24185,English,,,,Official Government of India source page
url:95a2cfca7a1be111e48ff4e862a395ea51406704c40052858ac1c70be3d49642,Advisory on measures to be taken by States UTs to curb of misuse of section 498-A of the Indian Penal Code-regarding,"Ministry of Home Affairs, Government of India - Judicial Division",advisory,India - Central,,,,,current/verify,,2026-08-20,89adaf726c9727a09702a4254273d19839a9641f5ade6bc99daffa04ad0ce58f,https://www.mha.gov.in/sites/default/files/2025-11/2AdvisorySec498_27022023.pdf,https://www.mha.gov.in/en/commoncontent/judicial-division,2AdvisorySec498_27022023.pdf,originals/government/www.mha.gov.in/95a2cfca7a1be111/2AdvisorySec498_27022023.pdf,application/pdf,98463,English,,,,Official Government of India source page
url:fc72bf4b5639d1f65b34f73bfb2e5bacb1547273b0a5eaaa7a9f3a3a00576726,Advisory on measures to be taken by States UTs to curb of misuse of section 498A of IPC-regarding,"Ministry of Home Affairs, Government of India - Judicial Division",advisory,India - Central,,,,,current/verify,,2026-08-20,79b59036193457da882b36c2bc617f5ead3fc2118df93a7f9a6b989816bb9623,https://www.mha.gov.in/sites/default/files/2025-11/3AdvMis498_27022023.pdf,https://www.mha.gov.in/en/commoncontent/judicial-division,3AdvMis498_27022023.pdf,originals/government/www.mha.gov.in/fc72bf4b5639d1f6/3AdvMis498_27022023.pdf,application/pdf,146487,English,,,,Official Government of India source page
url:c487a1a1041ffdaf9f784d2a893b39e46fbd5675ec53e4dc42d8453df3de39f9,Misuse of Section 498A of IPC- regarding,"Ministry of Home Affairs, Government of India - Judicial Division",official_legal_material,India - Central,,,,,current/verify,,2026-08-20,9a0f07aeb49c1762c151c1b5657f9d1bc955e40bfcd029917a19728e31a90a90,https://www.mha.gov.in/sites/default/files/2025-11/4AdvMis498_220114_27022023.pdf,https://www.mha.gov.in/en/commoncontent/judicial-division,4AdvMis498_220114_27022023.pdf,originals/government/www.mha.gov.in/c487a1a1041ffdaf/4AdvMis498_220114_27022023.pdf,application/pdf,1093828,English,,,,Official Government of India source page
url:d5d775542a4ad6e2fbf2395e64ec13346cdea5ff172ace681d25ccf9909cbaed,"The Prisons Act, 1894","Ministry of Home Affairs, Government of India - Women Safety Division",act,India - Central,,,1894,,current/verify,,2026-08-20,bd0527f24c0fddc99991b8f8d8953adf3c30f2ea5f7ee162096dd565846b1d2b,https://www.mha.gov.in/sites/default/files/2022-08/PrisonsAct-1894_1%5B1%5D.pdf,https://www.mha.gov.in/en/divisionofmha/Women_Safety_Division/prison-reforms,PrisonsAct-1894_1[1].pdf,originals/government/www.mha.gov.in/d5d775542a4ad6e2/PrisonsAct-1894_1[1].pdf,application/pdf,62804,English,,,,Official Government of India source page
url:3f1165c16ad4e48a2975766eae76ed6572c7efa20cf3c2ecf83cca83a222e1a3,"The Transfer of Prisoners Act, 1950","Ministry of Home Affairs, Government of India - Women Safety Division",act,India - Central,,,1950,,current/verify,,2026-08-20,202db749df5fd00b5257cfef472087c432e5e1ddbe33f8c23b9041d33cc932ff,https://www.mha.gov.in/sites/default/files/2022-09/Transfer_prisoners_act1950_3%5B1%5D.pdf,https://www.mha.gov.in/en/divisionofmha/Women_Safety_Division/prison-reforms,Transfer_prisoners_act1950_3[1].pdf,originals/government/www.mha.gov.in/3f1165c16ad4e48a/Transfer_prisoners_act1950_3[1].pdf,application/pdf,13958,English,,,,Official Government of India source page
url:0325b6e1ab4ef503809fa10cff5b8ce1b6a987ec755bebf5fe2d49bd06fc6e89,"The Repatriation of Prisoners Act, 2003","Ministry of Home Affairs, Government of India - Women Safety Division",act,India - Central,,,2003,,current/verify,,2026-08-20,56333cef8171a181ee4922216ddb2165efa667ad1fe55444bb6a408417b7eec1,https://www.mha.gov.in/sites/default/files/2022-09/RepatriationofPrisAct-2003_3%5B1%5D.pdf,https://www.mha.gov.in/en/divisionofmha/Women_Safety_Division/prison-reforms,RepatriationofPrisAct-2003_3[1].pdf,originals/government/www.mha.gov.in/0325b6e1ab4ef503/RepatriationofPrisAct-2003_3[1].pdf,application/pdf,56977,English,,,,Official Government of India source page
url:eae6f38dfe93bded591e817b8bf486490d465783101524f34eb53daa645c016d,"The Prisoners (Attendance In Courts) Act, 1955","Ministry of Home Affairs, Government of India - Women Safety Division",act,India - Central,,,1955,,current/verify,,2026-08-20,2544bbd4b72fed78f5e70fa1ed9b14a1e8fb0a03154286dd8ecc893bc176a175,https://www.mha.gov.in/sites/default/files/2022-11/Prisoners_14112022%5B1%5D.pdf,https://www.mha.gov.in/en/divisionofmha/Women_Safety_Division/prison-reforms,Prisoners_14112022[1].pdf,originals/government/www.mha.gov.in/eae6f38dfe93bded/Prisoners_14112022[1].pdf,application/pdf,235043,English,,,,Official Government of India source page
url:4ee3a8c2f9da870fd6b2c4d60034b2a62d57c9ea47907399b97029865b8cfc21,"The Criminal Procedure (Identification) Act, 2022","Ministry of Home Affairs, Government of India - Women Safety Division",act,India - Central,,,2022,,current/verify,,2026-08-20,3447048e7879a10e055e16c1d4ef8f9386aa460af5091534d04bd8b2518a4248,https://www.mha.gov.in/sites/default/files/2022-11/CriminalPro_14112022%5B1%5D.pdf,https://www.mha.gov.in/en/divisionofmha/Women_Safety_Division/prison-reforms,CriminalPro_14112022[1].pdf,originals/government/www.mha.gov.in/4ee3a8c2f9da870f/CriminalPro_14112022[1].pdf,application/pdf,765275,English,,,,Official Government of India source page
url:3f5c1c423b99c0e7832123fe894807b3b23b4d381e723d8a87050fc3d2f89733,"The Repatriation of Prisoners Rules, 2004","Ministry of Home Affairs, Government of India - Women Safety Division",rule,India - Central,,,2004,,current/verify,,2026-08-20,0f05722efe23cc220d4519130503d806d93b2706bb89b842b8321e24397fb8e7,https://www.mha.gov.in/sites/default/files/2022-09/RepatriationRules2004_3%5B1%5D.pdf,https://www.mha.gov.in/en/divisionofmha/Women_Safety_Division/prison-reforms,RepatriationRules2004_3[1].pdf,originals/government/www.mha.gov.in/3f5c1c423b99c0e7/RepatriationRules2004_3[1].pdf,application/pdf,35617,English,,,,Official Government of India source page
url:1122c3b7acc9374897d40d535d214142dc0e06763b4db030d53b064ba131e161,"The Criminal Procedure (Identification) Rules, 2022","Ministry of Home Affairs, Government of India - Women Safety Division",rule,India - Central,,,2022,,current/verify,,2026-08-20,8d0a1b1c7e71018bcf036042086d1e0147e54264d139a37bd50e50d869f1459e,https://www.mha.gov.in/sites/default/files/2022-12/RulesCriminal_14112022%5B1%5D.pdf,https://www.mha.gov.in/en/divisionofmha/Women_Safety_Division/prison-reforms,RulesCriminal_14112022[1].pdf,originals/government/www.mha.gov.in/1122c3b7acc93748/RulesCriminal_14112022[1].pdf,application/pdf,1003730,English,,,,Official Government of India source page
url:e7d37511d433e643534242332290abc6f90f7bddc0a19a11d09b7f0091a1ce3b,Model Prison Manual 2003,"Ministry of Home Affairs, Government of India - Women Safety Division",manual,India - Central,,,2003,,current/verify,,2026-08-20,50b934aa6a8787f51f71ac8a31630e495e82cfe444c62bdbcfb4f3c51da0b9e6,https://www.mha.gov.in/sites/default/files/2022-12/ModelPrisonMan2003_14112022%5B1%5D.pdf,https://www.mha.gov.in/en/divisionofmha/Women_Safety_Division/prison-reforms,ModelPrisonMan2003_14112022[1].pdf,originals/government/www.mha.gov.in/e7d37511d433e643/ModelPrisonMan2003_14112022[1].pdf,application/pdf,1940732,English,,,,Official Government of India source page
url:aa3ae80dd78de1778ced9fdb9b8739e649e13b7b6a4aabb89ff95657f64c8121,Model Prison Manual 2016,"Ministry of Home Affairs, Government of India - Women Safety Division",manual,India - Central,,,2016,,current/verify,,2026-08-20,e0c624d9ef62ad755dca517dbaf93815748db7a184430b69ab040b3c9b828c64,https://www.mha.gov.in/sites/default/files/2024-12/PrisonManualA2016_20122024.pdf,https://www.mha.gov.in/en/divisionofmha/Women_Safety_Division/prison-reforms,PrisonManualA2016_20122024.pdf,originals/government/www.mha.gov.in/aa3ae80dd78de177/PrisonManualA2016_20122024.pdf,application/pdf,12749683,English,,,,Official Government of India source page
url:21efd91a0beb014caa7d6aa22728c0c030d8dacd56e7bb2b40923f0b6b7ed187,Model Prisons and Correctional Services Act,"Ministry of Home Affairs, Government of India - Women Safety Division",act,India - Central,,,,,current/verify,,2026-08-20,20e7276c5cd6d6e6426c05a5bb7fbba5709a845db5e6af3b08b8b2ea5e54c256,https://www.mha.gov.in/sites/default/files/2024-12/ModelPrisonsCorrectionalServicesAct_20122024.pdf,https://www.mha.gov.in/en/divisionofmha/Women_Safety_Division/prison-reforms,ModelPrisonsCorrectionalServicesAct_20122024.pdf,originals/government/www.mha.gov.in/21efd91a0beb014c/ModelPrisonsCorrectionalServicesAct_20122024.pdf,application/pdf,1250964,English,,,,Official Government of India source page
url:da5a340f746e5efc2b86e317f82fb9f562a68204cea07a857b5f9c64772c262c,Training Manual of Basic Course for Prison Officers 2017,"Ministry of Home Affairs, Government of India - Women Safety Division",manual,India - Central,,,2017,,current/verify,,2026-08-20,007fe4e5679128ad90105b6239f5255ee21e435d3242c1c29b814bdb7fc58c55,https://www.mha.gov.in/sites/default/files/2022-12/TrainingPrisonOfficers_14112022%5B2%5D.pdf,https://www.mha.gov.in/en/divisionofmha/Women_Safety_Division/prison-reforms,TrainingPrisonOfficers_14112022[2].pdf,originals/government/www.mha.gov.in/da5a340f746e5efc/TrainingPrisonOfficers_14112022[2].pdf,application/pdf,1237659,English,,,,Official Government of India source page
url:f99f39c81986e79ba183bbb9a0a7d90ed63a5f9519a49d3b4549e04037808a3a,Training Manual of Basic Course for Prison Warders 2017,"Ministry of Home Affairs, Government of India - Women Safety Division",manual,India - Central,,,2017,,current/verify,,2026-08-20,93dd2f297e06467b2661262ce0333966d557893cb9354fc7e85bc7cfcd6f98bb,https://www.mha.gov.in/sites/default/files/2022-12/TrainingPrisonWarders_14112022%5B1%5D.pdf,https://www.mha.gov.in/en/divisionofmha/Women_Safety_Division/prison-reforms,TrainingPrisonWarders_14112022[1].pdf,originals/government/www.mha.gov.in/f99f39c81986e79b/TrainingPrisonWarders_14112022[1].pdf,application/pdf,911222,English,,,,Official Government of India source page
url:3ae7500f7d9a2a9861091e16758cbd88b3d679bea27dab610cc485b9d530cff9,Guidelines and Standard Operating Procedure for implementation of the Support to Poor Prisoners ‘Scheme,"Ministry of Home Affairs, Government of India - Women Safety Division",sop,India - Central,,19/06/2023,2023,,current/verify,,2026-08-20,ba9f725095885f7edccbd7d50211c207b33da7bf5383d2a59dd66a498f81c19d,https://www.mha.gov.in/sites/default/files/2024-12/GuidelinesSupportPoorPrisonersScheme_20122024.pdf,https://www.mha.gov.in/en/divisionofmha/Women_Safety_Division/prison-reforms,GuidelinesSupportPoorPrisonersScheme_20122024.pdf,originals/government/www.mha.gov.in/3ae7500f7d9a2a98/GuidelinesSupportPoorPrisonersScheme_20122024.pdf,application/pdf,304242,English,,,,Official Government of India source page
url:80438fdd06c65c7405a503391a9184ff7ceb7aedf1b1868bea5e7ac21aff24e2,Modernisation of Prisons Project - Implementation of CNA guidelines and designation of Implementing Agency by States/UTs,"Ministry of Home Affairs, Government of India - Women Safety Division",guidance,India - Central,,18/10/2022,2022,,current/verify,,2026-08-20,05bd023a718f2e1c465d56ea741f3187626deeeacf9a29bde0efbdc513e5826b,https://www.mha.gov.in/sites/default/files/2024-09/ModernizationofPrisons_13092024.pdf,https://www.mha.gov.in/en/divisionofmha/Women_Safety_Division/prison-reforms,ModernizationofPrisons_13092024.pdf,originals/government/www.mha.gov.in/80438fdd06c65c74/ModernizationofPrisons_13092024.pdf,application/pdf,345036,English,,,,Official Government of India source page
url:683bea64b916f711cabe8fc8063cf4ec20e469bc49cb437ec12806f87c41f87b,Guidelines for Implementation of the Modernisation of Prisons Project in Prisons of all States and UTs,"Ministry of Home Affairs, Government of India - Women Safety Division",guidance,India - Central,,05/04/2022,2022,,current/verify,,2026-08-20,0b0e7c7bea522e88202296672d202ff4624a8bffc114f7bf4e5a4490180cd827,https://www.mha.gov.in/sites/default/files/2024-09/GuidelinesModernisationPrisons_13092024.pdf,https://www.mha.gov.in/en/divisionofmha/Women_Safety_Division/prison-reforms,GuidelinesModernisationPrisons_13092024.pdf,originals/government/www.mha.gov.in/683bea64b916f711/GuidelinesModernisationPrisons_13092024.pdf,application/pdf,2989943,English,,,,Official Government of India source page
url:1cb0c289a7350c0058959bcbefb4482ad1e4d7ecbf255dc6b7be22eb169a07d2,Technical Guidelines for Implementation of e-Prisons project,"Ministry of Home Affairs, Government of India - Women Safety Division",guidance,India - Central,,15/06/2018,2018,,current/verify,,2026-08-20,a197165e9ceb825b0310ba5f9d6953409cb4da620f287f573af9b82ecc88e1cb,https://www.mha.gov.in/sites/default/files/2024-09/TechnicalGuidelinesForImplementationofePrisonsproject_13092024.pdf,https://www.mha.gov.in/en/divisionofmha/Women_Safety_Division/prison-reforms,TechnicalGuidelinesForImplementationofePrisonsproject_13092024.pdf,originals/government/www.mha.gov.in/1cb0c289a7350c00/TechnicalGuidelinesForImplementationofePrisonsproject_13092024.pdf,application/pdf,565004,English,,,,Official Government of India source page
url:86cd07a2d4ddaa0be3945cf3d74024131ec5d47a2044ae764370ebafa59be3ef,Guidelines for implementation of ePrisons Project,"Ministry of Home Affairs, Government of India - Women Safety Division",guidance,India - Central,,26/03/2018,2018,,current/verify,,2026-08-20,c24decb1298e1384dc0b695a37f0f4ea21dfb3a5dda8673c05512c250b61f470,https://www.mha.gov.in/sites/default/files/2024-09/GuidelinesforimplementationofePrisonsProject5_13092024.pdf,https://www.mha.gov.in/en/divisionofmha/Women_Safety_Division/prison-reforms,GuidelinesforimplementationofePrisonsProject5_13092024.pdf,originals/government/www.mha.gov.in/86cd07a2d4ddaa0b/GuidelinesforimplementationofePrisonsProject5_13092024.pdf,application/pdf,1406065,English,,,,Official Government of India source page
url:16fc4d7bc1d2fd9a5c9d85fa77c36b06e3ad0a9cabe56e8c82383eb7cc85c5d3,"Implementation of the provisions of Section 479 of the Bharatiya Nagarik Suraksha Sanhita, 2023 (BNSS) by the State Prison authorities for providing relief to undertrial prisoners","Ministry of Home Affairs, Government of India - Women Safety Division",act,India - Central,,01/01/2025,2025,,current/verify,,2026-08-20,e202092661a785b2582d337971d63de533a6a5d32b65e8ef5c59fc6e6156ba98,https://www.mha.gov.in/sites/default/files/2025-01/Prisonreforms_06012025.pdf,https://www.mha.gov.in/en/divisionofmha/Women_Safety_Division/prison-reforms,Prisonreforms_06012025.pdf,originals/government/www.mha.gov.in/16fc4d7bc1d2fd9a/Prisonreforms_06012025.pdf,application/pdf,2528386,English,,,,Official Government of India source page
url:032a32aa36af49570f9cbe4d904fc9bbf71c7345e4e15631b476fd0443d8193c,"Amendments in the “Model Prison Manual, 2016” and the “Model Prisons and Correctional Services Act, 2023” in compliance with the directions of the Hon’ble Supreme Court in W.P. (C) No. 1404 of 2023 dated 3.10.2024","Ministry of Home Affairs, Government of India - Women Safety Division",act,India - Central,,30/12/2024,2024,,current/verify,,2026-08-20,3fa50be5fdd8e69ff8b525416d85ad063d216bc9147c34c73832ab32badb607e,https://www.mha.gov.in/sites/default/files/2024-12/PrisonReforms_31122024.pdf,https://www.mha.gov.in/en/divisionofmha/Women_Safety_Division/prison-reforms,PrisonReforms_31122024.pdf,originals/government/www.mha.gov.in/032a32aa36af4957/PrisonReforms_31122024.pdf,application/pdf,10592473,English,,,,Official Government of India source page
url:5127e504b6e0ee8b5eb94ca40b294290f0b3361ecd83b165750120c393c439eb,"Special Campaign for implementation of the provisions of section479 of the Bharatiya Nagarik Suraksha Sanhita,2023 (BNSS) by State Prison authorities for providing relief to undertrial prisoners as part of celebrating Samvidhan Divas on26th November 2024.","Ministry of Home Affairs, Government of India - Women Safety Division",act,India - Central,,24/10/2024,2024,,current/verify,,2026-08-20,9c6596839e36278839c8baa3a090bc7d7d887af11706537500f348c01769de6a,https://www.mha.gov.in/sites/default/files/2024-10/PrisonBNSS_25102024.pdf,https://www.mha.gov.in/en/divisionofmha/Women_Safety_Division/prison-reforms,PrisonBNSS_25102024.pdf,originals/government/www.mha.gov.in/5127e504b6e0ee8b/PrisonBNSS_25102024.pdf,application/pdf,4160699,English,,,,Official Government of India source page
url:2682d534d1e67e85edf1c323a8eb1a50f0a48ec060031f3e3273e3565254ba0b,"Implementation of the provisions of Section 479 of 'The Bharatiya Nagarik Suraksha Sanhita, 2023’ (BNSS) by State Prison authorities for providing relief to undertrial prisoners.","Ministry of Home Affairs, Government of India - Women Safety Division",act,India - Central,,16/10/2024,2024,,current/verify,,2026-08-20,7c144174a140c294e9aa0bcf2683f5ef2ca20a5c5b6f783cfffc66c07150c953,https://www.mha.gov.in/sites/default/files/2024-10/AdvisoryWS_17102024.pdf,https://www.mha.gov.in/en/divisionofmha/Women_Safety_Division/prison-reforms,AdvisoryWS_17102024.pdf,originals/government/www.mha.gov.in/2682d534d1e67e85/AdvisoryWS_17102024.pdf,application/pdf,3746198,English,,,,Official Government of India source page
url:e8c5ce0cda62f767ca601edc21b6aade6c777763e4e015b730e74473a0445e9a,Prison Visitation Rights of Queer Community (LGBTQ+),"Ministry of Home Affairs, Government of India - Women Safety Division",official_guidance,India - Central,,15/07/2024,2024,,current/verify,,2026-08-20,a19c8211b9571cdf3f24f3e92abbb1b27d369d0cf9343354fb39d5084215cace,https://www.mha.gov.in/sites/default/files/2024-07/LGBTQ_16072024.pdf,https://www.mha.gov.in/en/divisionofmha/Women_Safety_Division/prison-reforms,LGBTQ_16072024.pdf,originals/government/www.mha.gov.in/e8c5ce0cda62f767/LGBTQ_16072024.pdf,application/pdf,121265,English,,,,Official Government of India source page
url:41c4aa362daec2f3d4cf771499bae624810950d234d9e228a7e692adc2a44e1e,"Training of State Police and Prison officers and staff of all States and UTs on new aspects of the three new criminal laws – Bharatiya Nyaya Sanhita 2023, Bharatiya Nagarik Suraksha Sanhita 2023 and Bharatiya Sakshya Adhiniyam 2023","Ministry of Home Affairs, Government of India - Women Safety Division",act,India - Central,,30/04/2024,2024,,current/verify,,2026-08-20,42529ce06062074467398172256d2e8450118be8794a00a9291f4790e40fb115,https://www.mha.gov.in/sites/default/files/2024-05/Advisory_01052024_0.pdf,https://www.mha.gov.in/en/divisionofmha/Women_Safety_Division/prison-reforms,Advisory_01052024_0.pdf,originals/government/www.mha.gov.in/41c4aa362daec2f3/Advisory_01052024_0.pdf,application/pdf,2176691,English,,,,Official Government of India source page
url:25559daa3a607669934f841a41ea9360d02550bf9bf5c3fdbad7157b6d51cff1,Measures of effective Prison Administration.,"Ministry of Home Affairs, Government of India - Women Safety Division",official_guidance,India - Central,,26/02/2024,2024,,current/verify,,2026-08-20,53cea23752a4bc200bde1ec296c80338231d7e973931a0ce5bdbea17724ed573,https://www.mha.gov.in/sites/default/files/2024-09/AdvisoryDiscriminationPrisoners_05092024.pdf,https://www.mha.gov.in/en/divisionofmha/Women_Safety_Division/prison-reforms,AdvisoryDiscriminationPrisoners_05092024.pdf,originals/government/www.mha.gov.in/25559daa3a607669/AdvisoryDiscriminationPrisoners_05092024.pdf,application/pdf,2188658,English,,,,Official Government of India source page
url:046c9151a93d63b170eeb8a6708514a2c2e92c18434e09fe9690dcdff4162318,Implementation of the ‘Support to Poor Prisoners Scheme’,"Ministry of Home Affairs, Government of India - Women Safety Division",official_guidance,India - Central,,09/02/2024,2024,,current/verify,,2026-08-20,2fac3808a3b1fc44d7020b172fd8f534d4f81f70fd15f88eb70ca7bca1633899,https://www.mha.gov.in/sites/default/files/2024-09/poorprisoners_20022024.pdf,https://www.mha.gov.in/en/divisionofmha/Women_Safety_Division/prison-reforms,poorprisoners_20022024.pdf,originals/government/www.mha.gov.in/046c9151a93d63b1/poorprisoners_20022024.pdf,application/pdf,1760373,English,,,,Official Government of India source page
url:af66bd3ee98ff899defa9f520de416b163c759e38c0d597c50040c59e1e4f035,Use of technology in Prisons for strengthening effective Prisons Administration,"Ministry of Home Affairs, Government of India - Women Safety Division",official_guidance,India - Central,,20/11/2023,2023,,current/verify,,2026-08-20,e9fbcafec05aa752a9e2189d1fd22757c06829316618c8076e6dd36e3955a205,https://www.mha.gov.in/sites/default/files/2024-09/Advisory_11122023.pdf,https://www.mha.gov.in/en/divisionofmha/Women_Safety_Division/prison-reforms,Advisory_11122023.pdf,originals/government/www.mha.gov.in/af66bd3ee98ff899/Advisory_11122023.pdf,application/pdf,2580229,English,,,,Official Government of India source page
url:9e656d8e95204a3f7bf3d967e9460fc77b97f2fa64889a58af7fa9c9f693bcc8,"Model Prisons and Correctional Services Act, 2023 - Letter to States and UTs","Ministry of Home Affairs, Government of India - Women Safety Division",act,India - Central,,25/05/2023,2023,,current/verify,,2026-08-20,3744af578d0fc3b3bb58cb5b6a17da0ff542debd341cf36799a962c18ad6ca22,https://www.mha.gov.in/sites/default/files/2023-12/ModelPrisons_11122023.pdf,https://www.mha.gov.in/en/divisionofmha/Women_Safety_Division/prison-reforms,ModelPrisons_11122023.pdf,originals/government/www.mha.gov.in/9e656d8e95204a3f/ModelPrisons_11122023.pdf,application/pdf,2415072,English,,,,Official Government of India source page
url:d7f0b56c438a7cf134716c5e5755293e1ef801e1ff0d1121cdf4f92ecf5117f5,Aadhaar authentication of prison inmates and visitors to prison inmates by the Prison Departments of States and Union Territories,"Ministry of Home Affairs, Government of India - Women Safety Division",official_guidance,India - Central,,17/10/2023,2023,,current/verify,,2026-08-20,3d13340536026948b3917d2ea97109c56c3e645913ba78fe0bef88afe5fa6099,https://www.mha.gov.in/sites/default/files/2023-11/AadhaarAdvisory_011112023.pdf,https://www.mha.gov.in/en/divisionofmha/Women_Safety_Division/prison-reforms,AadhaarAdvisory_011112023.pdf,originals/government/www.mha.gov.in/d7f0b56c438a7cf1/AadhaarAdvisory_011112023.pdf,application/pdf,2622043,English,,,,Official Government of India source page
url:1ffb80bce1aa41831ab3aaa22b529faeb225fee09dd3634d989ec0ea568c2838,Implementation of the Scheme for Support to Poor Prisoners,"Ministry of Home Affairs, Government of India - Women Safety Division",official_guidance,India - Central,,23/10/2023,2023,,current/verify,,2026-08-20,88ea2dee28c9673f55fd264be1b54a5861691609afe24ce78a1421a39c935bd4,https://www.mha.gov.in/sites/default/files/2023-10/PrisonReform_31102023.pdf,https://www.mha.gov.in/en/divisionofmha/Women_Safety_Division/prison-reforms,PrisonReform_31102023.pdf,originals/government/www.mha.gov.in/1ffb80bce1aa4183/PrisonReform_31102023.pdf,application/pdf,8475125,English,,,,Official Government of India source page
url:2090d9ad83be28447af55ffe583b2ef0cb6eb502633a02499c1758bba0162be0,Measures for effective prison management and filling up of vacancies of Prison officers and staff in Jails.,"Ministry of Home Affairs, Government of India - Women Safety Division",official_guidance,India - Central,,09/01/2023,2023,,current/verify,,2026-08-20,7ee4647d5424370cedf5e10dde630d07a6c5d18521cf7313723471211326dd8b,https://www.mha.gov.in/sites/default/files/2024-09/Advisory9_04092024.pdf,https://www.mha.gov.in/en/divisionofmha/Women_Safety_Division/prison-reforms,Advisory9_04092024.pdf,originals/government/www.mha.gov.in/2090d9ad83be2844/Advisory9_04092024.pdf,application/pdf,1121649,English,,,,Official Government of India source page
url:1d49e4ae73f1b4cb4234661f20cf55638b49d3e8265008c3b433e31fc34ae0a2,Conduct of Aadhaar enrolment/updation camps by UIDAI for prison inmates.,"Ministry of Home Affairs, Government of India - Women Safety Division",official_guidance,India - Central,,17/11/2022,2022,,current/verify,,2026-08-20,f0a8f59403e324c631110bb2a190d5f9063171f521f266d19ec0a4c0a681819e,https://www.mha.gov.in/sites/default/files/2022-12/EnrolmentCampsAdvisory_17112022%5B1%5D.pdf,https://www.mha.gov.in/en/divisionofmha/Women_Safety_Division/prison-reforms,EnrolmentCampsAdvisory_17112022[1].pdf,originals/government/www.mha.gov.in/1d49e4ae73f1b4cb/EnrolmentCampsAdvisory_17112022[1].pdf,application/pdf,892453,English,,,,Official Government of India source page
url:b6dccdb1a6b1ffa6ce80c9849bc4e79d047fc4ae8a9c24a27a15d176f9b0095a,Transformation@75- Celebrating Azadi ka Amrit Mahotsav with jail inmates,"Ministry of Home Affairs, Government of India - Women Safety Division",official_guidance,India - Central,,23/06/2022,2022,,current/verify,,2026-08-20,c025fceca7e5423440c287c751bf7c625785903eed9264e3f86776a0594484bd,https://www.mha.gov.in/sites/default/files/2023-01/Transformation75_13012023.pdf,https://www.mha.gov.in/en/divisionofmha/Women_Safety_Division/prison-reforms,Transformation75_13012023.pdf,originals/government/www.mha.gov.in/b6dccdb1a6b1ffa6/Transformation75_13012023.pdf,application/pdf,335557,English,,,,Official Government of India source page
url:a4bec11ee7fc9fdee4ca75588cae185a0e348bc7c6d96e0bd4cf302c75234e9a,Grant of Special Remission to Prisoners as part of celebrations of Azadi ka Amrit Mahotsav - addition of a new Special Remission Module in ePrisons,"Ministry of Home Affairs, Government of India - Women Safety Division",official_guidance,India - Central,,10/06/2022,2022,,current/verify,,2026-08-20,0328e4eeb7554c8a8f66a615700b3357207bea103e559fb295126c7775b6ac45,https://www.mha.gov.in/sites/default/files/2022-12/2SpecialRemissionModuleePrisons_15112022%5B1%5D.pdf,https://www.mha.gov.in/en/divisionofmha/Women_Safety_Division/prison-reforms,2SpecialRemissionModuleePrisons_15112022[1].pdf,originals/government/www.mha.gov.in/a4bec11ee7fc9fde/2SpecialRemissionModuleePrisons_15112022[1].pdf,application/pdf,7654098,English,,,,Official Government of India source page
url:844509f1503999ea481c3c2108de58a551056cbe3eadd88fa853ef3d65c8e7d8,"Measures for effective Prison Administration and strengthening security arrangements in prisons, etc.","Ministry of Home Affairs, Government of India - Women Safety Division",official_guidance,India - Central,,02/05/2022,2022,,current/verify,,2026-08-20,6d4b4fdb23da71f11133767815aa29977754e2b69461093a7bd649fc17717cd7,https://www.mha.gov.in/sites/default/files/2022-12/3MeasureseffectivePrisonAdministration_15112022%5B1%5D.pdf,https://www.mha.gov.in/en/divisionofmha/Women_Safety_Division/prison-reforms,3MeasureseffectivePrisonAdministration_15112022[1].pdf,originals/government/www.mha.gov.in/844509f1503999ea/3MeasureseffectivePrisonAdministration_15112022[1].pdf,application/pdf,1046288,English,,,,Official Government of India source page
url:bb884ae0f5b6fc0902011424c3d01a5606485de7d8a74e18fdc28cf74791db00,Advisory on Treatment and Care of Transgender Persons in Prisons,"Ministry of Home Affairs, Government of India - Women Safety Division",advisory,India - Central,,10/01/2022,2022,,current/verify,,2026-08-20,d423cab3c31d09db8fa25ac500cd04e7830d953122f4b9ab9ca62770a033e89c,https://www.mha.gov.in/sites/default/files/2024-09/Advisory15_04092024.pdf,https://www.mha.gov.in/en/divisionofmha/Women_Safety_Division/prison-reforms,Advisory15_04092024.pdf,originals/government/www.mha.gov.in/bb884ae0f5b6fc09/Advisory15_04092024.pdf,application/pdf,1471819,English,,,,Official Government of India source page
url:d2c2d7f10468ca6b2d503597d6ab5e7ad3ef85e646ecca59ea8ce304e150c41b,Advisory regarding absconding and escapee prisoners - use of ePrisons to leverage technology,"Ministry of Home Affairs, Government of India - Women Safety Division",advisory,India - Central,,04/10/2021,2021,,current/verify,,2026-08-20,bb6e27fb6fdee8fe66221c1206be5767ee1c77a690b8a97260f921bcb82b77af,https://www.mha.gov.in/sites/default/files/2022-09/AdvisoryEprisonsleveragetechnology06102021_1%5B1%5D.pdf,https://www.mha.gov.in/en/divisionofmha/Women_Safety_Division/prison-reforms,AdvisoryEprisonsleveragetechnology06102021_1[1].pdf,originals/government/www.mha.gov.in/d2c2d7f10468ca6b/AdvisoryEprisonsleveragetechnology06102021_1[1].pdf,application/pdf,2374043,English,,,,Official Government of India source page
url:7717af7126881933ca2a7cc749499f52b25aceb01a7e19d66cf32953bd0c6080,Advisory on Dealing with Mental Health issues of prisoners and prison officers,"Ministry of Home Affairs, Government of India - Women Safety Division",advisory,India - Central,,24/06/2021,2021,,current/verify,,2026-08-20,d0bec9b49e5dbd06684ed6e064b40d9af6ba5462a05a3b46d23e3a4dcf38d42e,https://www.mha.gov.in/sites/default/files/2022-09/Advisorymentalhealthissuesprisoners_24062021_0%5B1%5D.pdf,https://www.mha.gov.in/en/divisionofmha/Women_Safety_Division/prison-reforms,Advisorymentalhealthissuesprisoners_24062021_0[1].pdf,originals/government/www.mha.gov.in/7717af7126881933/Advisorymentalhealthissuesprisoners_24062021_0[1].pdf,application/pdf,7121281,English,,,,Official Government of India source page
url:0728ae423527e1468e52e9bf24f02a339426d1cd0b0eb8729639db5386cd47f0,Forwarding of the Order issued by the Hon’ble Supreme Court of India on 7.5.2021 - ‘Contagion of Covid 19 virus in prisons',"Ministry of Home Affairs, Government of India - Women Safety Division",order,India - Central,,05/08/2021,2021,,current/verify,,2026-08-20,3e218c58e933749dcf6ebc216f745e84fe8e71d372beed46ae29a7ccc4346f69,https://www.mha.gov.in/sites/default/files/2022-09/COVID19SupremeCourtorder_12052021_0%5B1%5D.pdf,https://www.mha.gov.in/en/divisionofmha/Women_Safety_Division/prison-reforms,COVID19SupremeCourtorder_12052021_0[1].pdf,originals/government/www.mha.gov.in/0728ae423527e146/COVID19SupremeCourtorder_12052021_0[1].pdf,application/pdf,200283,English,,,,Official Government of India source page
url:b2f5ab87370c2eb2af93321ee416f74a44f4483c66161218e4b037cce8973ac1,Advisory on Prevention and Control of Covid-19 in Prisons and Correctional Homes,"Ministry of Home Affairs, Government of India - Women Safety Division",advisory,India - Central,,20/04/2021,2021,,current/verify,,2026-08-20,c2694491016e364d5ef5eb524c54f58563da3dcee571830ee4e54f5d657e6100,https://www.mha.gov.in/sites/default/files/2022-09/PreventionControlCOVID19_22042021%5B1%5D.pdf,https://www.mha.gov.in/en/divisionofmha/Women_Safety_Division/prison-reforms,PreventionControlCOVID19_22042021[1].pdf,originals/government/www.mha.gov.in/b2f5ab87370c2eb2/PreventionControlCOVID19_22042021[1].pdf,application/pdf,5430426,English,,,,Official Government of India source page
url:ebeef77199d44e787b81b0f1ac512957e5668c94facabd2c7683f11eb0b39c2f,"Advisory on Consular Access to Foreign nationals in prisons, custody or detention","Ministry of Home Affairs, Government of India - Women Safety Division",advisory,India - Central,,21/09/2020,2020,,current/verify,,2026-08-20,03e487af2367c9681dee13b960bce3f1af246626fc3dc95072645f478d9a108e,https://www.mha.gov.in/sites/default/files/2022-12/Advisorydated_2192020_24092020%5B1%5D.pdf,https://www.mha.gov.in/en/divisionofmha/Women_Safety_Division/prison-reforms,Advisorydated_2192020_24092020[1].pdf,originals/government/www.mha.gov.in/ebeef77199d44e78/Advisorydated_2192020_24092020[1].pdf,application/pdf,1459751,English,,,,Official Government of India source page
url:675405721f91c58c83baa467faa3c4b6f50214f916db4bcd85408a70c107cdc8,Advisory on Grant of Parole/Furlough to inmates and their premature release from prison-review of Guidelines,"Ministry of Home Affairs, Government of India - Women Safety Division",guidance,India - Central,,03/09/2020,2020,,current/verify,,2026-08-20,6adaf3dcd5c73505ddb104d68e101f5b56e67de9e7942634084d9e022f4a40bd,https://www.mha.gov.in/sites/default/files/2022-12/ParoleFurloughadvisory04092020_0%5B1%5D.pdf,https://www.mha.gov.in/en/divisionofmha/Women_Safety_Division/prison-reforms,ParoleFurloughadvisory04092020_0[1].pdf,originals/government/www.mha.gov.in/675405721f91c58c/ParoleFurloughadvisory04092020_0[1].pdf,application/pdf,1543861,English,,,,Official Government of India source page
url:a07141266e786312b18235d74e1e75236ae692feb7eadb7eb3f425ae1729702d,Advisory on Management of Covid 19 in Prisons,"Ministry of Home Affairs, Government of India - Women Safety Division",advisory,India - Central,,02/05/2020,2020,,current/verify,,2026-08-20,e88402ed5ad3fdb1a7a554955efedb8d761c9efc0fd70d4023f885ba2cb7382b,https://www.mha.gov.in/sites/default/files/2022-12/ManagementofCovid_07072020%5B1%5D.pdf,https://www.mha.gov.in/en/divisionofmha/Women_Safety_Division/prison-reforms,ManagementofCovid_07072020[1].pdf,originals/government/www.mha.gov.in/a07141266e786312/ManagementofCovid_07072020[1].pdf,application/pdf,1054589,English,,,,Official Government of India source page
url:638903aa28f647e0912762f967cc28a059bb77423a6d26fe9531136a9766afbf,Advisory on Precautionary measures to contain Covid 19 in Prisons,"Ministry of Home Affairs, Government of India - Women Safety Division",advisory,India - Central,,12/03/2020,2020,,current/verify,,2026-08-20,2cc00816723c271f12e86ac987b84dd50ea3b0e7ac3a4e13ad7222d2f23209b4,https://www.mha.gov.in/sites/default/files/2022-12/Precautionarymeasures07072020%5B1%5D.pdf,https://www.mha.gov.in/en/divisionofmha/Women_Safety_Division/prison-reforms,Precautionarymeasures07072020[1].pdf,originals/government/www.mha.gov.in/638903aa28f647e0/Precautionarymeasures07072020[1].pdf,application/pdf,440274,English,,,,Official Government of India source page
url:5dcddf0e0b50d27813ecd680a2fcd32b332545f9e6fcbf4933a8f10735dd703d,Advisory on bringing attitudinal change in Prison officials – actionable point arising out of Hon’ble Home Minister’s speech,"Ministry of Home Affairs, Government of India - Women Safety Division",advisory,India - Central,,25/02/2020,2020,,current/verify,,2026-08-20,535a50157092b196471c8340907f94753a4fa8c5ce69b33b127a1caa07d823ae,https://www.mha.gov.in/sites/default/files/2022-12/Bringing07072020%5B1%5D.pdf,https://www.mha.gov.in/en/divisionofmha/Women_Safety_Division/prison-reforms,Bringing07072020[1].pdf,originals/government/www.mha.gov.in/5dcddf0e0b50d278/Bringing07072020[1].pdf,application/pdf,1674930,English,,,,Official Government of India source page
url:cf52d26dcff7471a00efc859ec20c84456790d6275cb39b736f15559abf969f2,Advisory on addressing the issue of Overcrowding in Prisons and providing relief to under trial prisoners,"Ministry of Home Affairs, Government of India - Women Safety Division",advisory,India - Central,,25/11/2019,2019,,current/verify,,2026-08-20,4bb94a0edaa6f6fc9f8058a197c3fd028cc4cf109549755a3080a27739c5307e,https://www.mha.gov.in/sites/default/files/2022-12/16WS_Prisonsovercrowdingadvisory_15112022%5B1%5D.pdf,https://www.mha.gov.in/en/divisionofmha/Women_Safety_Division/prison-reforms,16WS_Prisonsovercrowdingadvisory_15112022[1].pdf,originals/government/www.mha.gov.in/cf52d26dcff7471a/16WS_Prisonsovercrowdingadvisory_15112022[1].pdf,application/pdf,1579039,English,,,,Official Government of India source page
url:f6b0e88cb278a075b1008be7da11329d8c3755eb74e24db8cdf571ad2436557c,Advisory on safety and security of Prisons and prison inmates - Formation of High Security Jail in States,"Ministry of Home Affairs, Government of India - Women Safety Division",advisory,India - Central,,25/10/2019,2019,,current/verify,,2026-08-20,3b8288b59e6925851d265a9f3f3c7a51a1c160f1dc37367a8cde41e6d91235d4,https://www.mha.gov.in/sites/default/files/2022-12/17WS_HighSecurityPrisonadvisory_15112022%5B1%5D.pdf,https://www.mha.gov.in/en/divisionofmha/Women_Safety_Division/prison-reforms,17WS_HighSecurityPrisonadvisory_15112022[1].pdf,originals/government/www.mha.gov.in/f6b0e88cb278a075/17WS_HighSecurityPrisonadvisory_15112022[1].pdf,application/pdf,2107151,English,,,,Official Government of India source page
url:0ed79c2dfcf65991a329282eeb2e0a59fa3d91a8d6a4b0daaa9809983f36df35,"Advisory on consular access to foreign nationals in prisons, custody or detention","Ministry of Home Affairs, Government of India - Women Safety Division",advisory,India - Central,,08/02/2019,2019,,current/verify,,2026-08-20,0b4f0efc7d240c7287f239e907bd56b473080825b6b3455bcff56166d897282a,https://www.mha.gov.in/sites/default/files/2022-12/18WS_ConsularAccessadvisory_15112022%5B1%5D.pdf,https://www.mha.gov.in/en/divisionofmha/Women_Safety_Division/prison-reforms,18WS_ConsularAccessadvisory_15112022[1].pdf,originals/government/www.mha.gov.in/0ed79c2dfcf65991/18WS_ConsularAccessadvisory_15112022[1].pdf,application/pdf,1151724,English,,,,Official Government of India source page
url:0296ef7f90815295ef103b8fbd750b5e5ca638447d19a0196e3edc3febefc290,SOP for Under-Trial Review Committees (UTRCs) prepared by NALSA,"Ministry of Home Affairs, Government of India - Women Safety Division",sop,India - Central,,18/02/2019,2019,,current/verify,,2026-08-20,1eabc70a1d76ff27c9613fb82a1840c2c019f393ac9a4d8cf4a772502471c531,https://www.mha.gov.in/sites/default/files/2022-12/19SOP_NALSA_15112022%5B1%5D.pdf,https://www.mha.gov.in/en/divisionofmha/Women_Safety_Division/prison-reforms,19SOP_NALSA_15112022[1].pdf,originals/government/www.mha.gov.in/0296ef7f90815295/19SOP_NALSA_15112022[1].pdf,application/pdf,15360193,English,,,,Official Government of India source page
url:d7589d6b608afc98eb104aa83ce177c2fde9e6375fd9aa148bb4609384d71eb7,Forwarding of Report titled 'Women in Prisons' prepared by the Ministry of Women and Child Development to States and UTs,"Ministry of Home Affairs, Government of India - Women Safety Division",official_guidance,India - Central,,02/11/2018,2018,,current/verify,,2026-08-20,0e15003e54de450345932876f6ec321871ee93e9cf0692e187c1fcab7e8254a0,https://www.mha.gov.in/sites/default/files/2022-12/WomeninPrisons_02022021%5B1%5D.pdf,https://www.mha.gov.in/en/divisionofmha/Women_Safety_Division/prison-reforms,WomeninPrisons_02022021[1].pdf,originals/government/www.mha.gov.in/d7589d6b608afc98/WomeninPrisons_02022021[1].pdf,application/pdf,1988545,English,,,,Official Government of India source page
url:d0da7ed7f115dcdd43084f5f1c68db546cb3a32eca0527e39f7975aef39e3176,Forwarding of Report of the National Commission for Women for improving the condition of women inmates in prisons to States and UTs,"Ministry of Home Affairs, Government of India - Women Safety Division",official_guidance,India - Central,,02/11/2018,2018,,current/verify,,2026-08-20,80c77eb086d85013ae2ae852644a3debeab588f9bea53a1c5819c9fb701bba39,https://www.mha.gov.in/sites/default/files/2022-12/NationalCommissionforwomen_02022021%5B1%5D.pdf,https://www.mha.gov.in/en/divisionofmha/Women_Safety_Division/prison-reforms,NationalCommissionforwomen_02022021[1].pdf,originals/government/www.mha.gov.in/d0da7ed7f115dcdd/NationalCommissionforwomen_02022021[1].pdf,application/pdf,1455047,English,,,,Official Government of India source page
url:ecc29b03e62a33b07776562e47aff2d0391ae715a3b4ff36a2b5ecac47e1bcce,Advisory on Recommendations of the Parliamentary Standing Committee on Empowerment of Women on ‘Women in Detention and Access to Justice,"Ministry of Home Affairs, Government of India - Women Safety Division",advisory,India - Central,,01/03/2018,2018,,current/verify,,2026-08-20,fd114f095f8fb8546eead593fcb763814abd2939b303c9c67080f98a8f89850a,https://www.mha.gov.in/sites/default/files/2022-12/22WomensDiv_Advisory_CommitteeAdvisory_15112022%5B1%5D.pdf,https://www.mha.gov.in/en/divisionofmha/Women_Safety_Division/prison-reforms,22WomensDiv_Advisory_CommitteeAdvisory_15112022[1].pdf,originals/government/www.mha.gov.in/ecc29b03e62a33b0/22WomensDiv_Advisory_CommitteeAdvisory_15112022[1].pdf,application/pdf,15931498,English,,,,Official Government of India source page
url:a159a5649677ba8669f0b9b0144e4db4ce1132e376ea83eba287802bd5b837a8,Advisory on Resolutions adopted by the 5th National Conference of Heads of Prisons of States/UTs on Prison Reforms,"Ministry of Home Affairs, Government of India - Women Safety Division",advisory,India - Central,,04/05/2017,2017,,current/verify,,2026-08-20,f00cf94b5974589239a86cf7c4ef2d5726b3413b92c7214be82812312516cdaf,https://www.mha.gov.in/sites/default/files/2022-12/23ResolutionsAdvisory_15112022%5B1%5D.pdf,https://www.mha.gov.in/en/divisionofmha/Women_Safety_Division/prison-reforms,23ResolutionsAdvisory_15112022[1].pdf,originals/government/www.mha.gov.in/a159a5649677ba86/23ResolutionsAdvisory_15112022[1].pdf,application/pdf,1790034,English,,,,Official Government of India source page
url:8ef0e64a34cf46072b46e4ac0056e1553ec69b65a6a63b73337c5fbbb149fb29,Advisory on Aadhaar Seeding of Prisoners,"Ministry of Home Affairs, Government of India - Women Safety Division",advisory,India - Central,,07/03/2017,2017,,current/verify,,2026-08-20,4734f1558f24cf1cb9709f30cc131b70afde58a71f0b58d539749f74e2cf06ea,https://www.mha.gov.in/sites/default/files/2022-12/24AadhaSeedPrisoner_15112022%5B1%5D.pdf,https://www.mha.gov.in/en/divisionofmha/Women_Safety_Division/prison-reforms,24AadhaSeedPrisoner_15112022[1].pdf,originals/government/www.mha.gov.in/8ef0e64a34cf4607/24AadhaSeedPrisoner_15112022[1].pdf,application/pdf,2558048,English,,,,Official Government of India source page
url:8470a9337beebfd492bfe07258d68117627f63eb78af294f140e89b885ad4419,Forwarding of the Hon'ble Supreme Court’s direction for installation of CCTV Cameras in all prisons of the country,"Ministry of Home Affairs, Government of India - Women Safety Division",official_guidance,India - Central,,10/12/2015,2015,,current/verify,,2026-08-20,ce80e30ff5e03e9567383fb4abf1358d2c5c6f0e0b5ecb0c3f6e20c1e2553285,https://www.mha.gov.in/sites/default/files/2022-12/26advisoryoninstallationCCTVs_15112022%5B1%5D.pdf,https://www.mha.gov.in/en/divisionofmha/Women_Safety_Division/prison-reforms,26advisoryoninstallationCCTVs_15112022[1].pdf,originals/government/www.mha.gov.in/8470a9337beebfd4/26advisoryoninstallationCCTVs_15112022[1].pdf,application/pdf,254364,English,,,,Official Government of India source page
url:de09b870d3006a0f2b2ee6d9559abfc4d0ab053e661a411136f41f278b1c9ff5,Advisory on use of Aadhaar for Identification of visitors to prisons,"Ministry of Home Affairs, Government of India - Women Safety Division",advisory,India - Central,,17/02/2017,2017,,current/verify,,2026-08-20,58294845d8ae827f7082ae7760f8ccdb71676cf9a39c5666ab033847186c8780,https://www.mha.gov.in/sites/default/files/2022-12/25AadharPrisoners_15112022%5B1%5D.pdf,https://www.mha.gov.in/en/divisionofmha/Women_Safety_Division/prison-reforms,25AadharPrisoners_15112022[1].pdf,originals/government/www.mha.gov.in/de09b870d3006a0f/25AadharPrisoners_15112022[1].pdf,application/pdf,8392440,English,,,,Official Government of India source page
url:28840cf40aadd44d1b9d0eac046aae96a1a1bdaa495b798a2090fdef44fa56cf,Advisory regarding Access of prisoners to Aadhar/Nation Population Register in Correctional Homes,"Ministry of Home Affairs, Government of India - Women Safety Division",advisory,India - Central,,27/09/2014,2014,,current/verify,,2026-08-20,68ce8453983c8aecd3458ae42b8c24b9b8d10814bb813b62e587ce953d58737b,https://www.mha.gov.in/sites/default/files/2024-09/Advisory36_04092024.pdf,https://www.mha.gov.in/en/divisionofmha/Women_Safety_Division/prison-reforms,Advisory36_04092024.pdf,originals/government/www.mha.gov.in/28840cf40aadd44d/Advisory36_04092024.pdf,application/pdf,691643,English,,,,Official Government of India source page
url:ea72e38729da103437db199e8a903cc6a5bdd1ae4a2e7ed9bd1166757fca5f34,Advisory on shifting high risk prisoners from the jail of one State/UT to the jail of another State/UT,"Ministry of Home Affairs, Government of India - Women Safety Division",advisory,India - Central,,24/09/2015,2015,,current/verify,,2026-08-20,b906e0b4689f7eb31af61857ece96bff0ecb55860ee7da92f1937b5b6e9b4750,https://www.mha.gov.in/sites/default/files/2024-09/Advisory37_04092024.pdf,https://www.mha.gov.in/en/divisionofmha/Women_Safety_Division/prison-reforms,Advisory37_04092024.pdf,originals/government/www.mha.gov.in/ea72e38729da1034/Advisory37_04092024.pdf,application/pdf,495601,English,,,,Official Government of India source page
url:d412b86ca41e6b3bf1eaa170d00e1fc7f3638107704759fde72993f97d5ec7ee,"Advisory on the Guidelines for allowing visit inside jails by individuals/ NGOs/ Company/Press for the purposes of undertaking research, making documentary or interviewing the inmates, etc.","Ministry of Home Affairs, Government of India - Women Safety Division",guidance,India - Central,,24/07/2015,2015,,current/verify,,2026-08-20,172be7f75d5b0737984437a08fcb0f0dd709505786395606855c562534f38414,https://www.mha.gov.in/sites/default/files/2024-09/Advisory38_04092024.pdf,https://www.mha.gov.in/en/divisionofmha/Women_Safety_Division/prison-reforms,Advisory38_04092024.pdf,originals/government/www.mha.gov.in/d412b86ca41e6b3b/Advisory38_04092024.pdf,application/pdf,1061817,English,,,,Official Government of India source page
url:752ff7d96e6f8f38eee729bada239779f88c02d133b663b78bde928642ff0566,Advisory on adoption of measures by the States/UTs for improvement of security of jails,"Ministry of Home Affairs, Government of India - Women Safety Division",advisory,India - Central,,28/04/2015,2015,,current/verify,,2026-08-20,73df2ed6a2a28909af6550dff7cbb9c305acd86195e6f4c71b5b37a16600a733,https://www.mha.gov.in/sites/default/files/2024-09/Advisory39_04092024.pdf,https://www.mha.gov.in/en/divisionofmha/Women_Safety_Division/prison-reforms,Advisory39_04092024.pdf,originals/government/www.mha.gov.in/752ff7d96e6f8f38/Advisory39_04092024.pdf,application/pdf,752673,English,,,,Official Government of India source page
url:9e52e69f89a2e5f1fb65a39cf2e1cb7f6b52dd0e25688ac649588bb9204c469e,Advisory forwarding the Guidelines for reckoning half life spent in judicial custody of UTPs under Section 436 A of Cr.P.C,"Ministry of Home Affairs, Government of India - Women Safety Division",guidance,India - Central,,27/09/2014,2014,,current/verify,,2026-08-20,6137cbc77b3a564b100153797ed144d8fbbce754fba34387443582edd2e5dcd3,https://www.mha.gov.in/sites/default/files/2024-09/Advissory40_04092024.pdf,https://www.mha.gov.in/en/divisionofmha/Women_Safety_Division/prison-reforms,Advissory40_04092024.pdf,originals/government/www.mha.gov.in/9e52e69f89a2e5f1/Advissory40_04092024.pdf,application/pdf,1303499,English,,,,Official Government of India source page
url:431a39c4c7fd9992c73d14e7a045e6118bf2f699e8c398f87cdef55054000b22,Guidelines for safeguarding the interest of the Death Row Convicts,"Ministry of Home Affairs, Government of India - Women Safety Division",guidance,India - Central,,04/02/2014,2014,,current/verify,,2026-08-20,552210ab76e2d74c17fc7bda3ba635145cee665ec1c09e8eb60c308881236e27,https://www.mha.gov.in/sites/default/files/2024-09/Advisory41_04092024.pdf,https://www.mha.gov.in/en/divisionofmha/Women_Safety_Division/prison-reforms,Advisory41_04092024.pdf,originals/government/www.mha.gov.in/431a39c4c7fd9992/Advisory41_04092024.pdf,application/pdf,1287580,English,,,,Official Government of India source page
url:39cc39b141c92c2ce63ece0af923946a13fc64793810d801522a3915f0fdd972,Section 433 A of Cr.P.C and “Restriction on powers of remission or commutation in certain cases,"Ministry of Home Affairs, Government of India - Women Safety Division",official_guidance,India - Central,,01/02/2013,2013,,current/verify,,2026-08-20,8d8bbdd18ae0cba4cd6b2621442d4c4af5c1d4bf79cc1ad74f7b987fb50e6dbc,https://www.mha.gov.in/sites/default/files/2022-09/Advisory%2520on%2520433A_0_1%5B3%5D.pdf,https://www.mha.gov.in/en/divisionofmha/Women_Safety_Division/prison-reforms,Advisory%20on%20433A_0_1[3].pdf,originals/government/www.mha.gov.in/39cc39b141c92c2c/Advisory%20on%20433A_0_1[3].pdf,application/pdf,195963,English,,,,Official Government of India source page
url:3c259e9604dd7f80e46dfe7a0968d3c9a7624c31f60178f6e6c6f90679d481e6,Use of Section 436A of the Cr.P.C to Reduce Overcrowding of Prisons,"Ministry of Home Affairs, Government of India - Women Safety Division",official_guidance,India - Central,,17/01/2013,2013,,current/verify,,2026-08-20,da95138afaf064c6b0417c04a9be1cc340e59b5da116d1712bb00b01aab6c215,https://www.mha.gov.in/sites/default/files/2022-09/AdvSec436APrisons-060213_0_0%5B1%5D_0.pdf,https://www.mha.gov.in/en/divisionofmha/Women_Safety_Division/prison-reforms,AdvSec436APrisons-060213_0_0[1]_0.pdf,originals/government/www.mha.gov.in/3c259e9604dd7f80/AdvSec436APrisons-060213_0_0[1]_0.pdf,application/pdf,149262,English,,,,Official Government of India source page
url:693898cedc857b2fc9de00aacf8d9a23f113975de46b0405511c4bf7fbd23fc8,Advisory regarding guidelines for educational programme for prison inmates,"Ministry of Home Affairs, Government of India - Women Safety Division",guidance,India - Central,,15/06/2011,2011,,current/verify,,2026-08-20,1b51e4a40b2a30fcb64a16612d8e67c65a2558a19a3ce1967223721a08138833,https://www.mha.gov.in/sites/default/files/2022-09/AdvEducationProg15062011%5B1%5D_0.pdf,https://www.mha.gov.in/en/divisionofmha/Women_Safety_Division/prison-reforms,AdvEducationProg15062011[1]_0.pdf,originals/government/www.mha.gov.in/693898cedc857b2f/AdvEducationProg15062011[1]_0.pdf,application/pdf,25652,English,,,,Official Government of India source page
url:bea59cf5fbd31d1642c30086edfc9230272136aa7e6f2128f38c620a37de7917,Overcrowding in prisons,"Ministry of Home Affairs, Government of India - Women Safety Division",official_guidance,India - Central,,09/05/2011,2011,,current/verify,,2026-08-20,80775f271df54ab1ed100673a84b3f7367df5cd925ea6a8e6997e98e314f9da6,https://www.mha.gov.in/sites/default/files/2022-09/OvercrowdingPrison09052011%5B1%5D_0.pdf,https://www.mha.gov.in/en/divisionofmha/Women_Safety_Division/prison-reforms,OvercrowdingPrison09052011[1]_0.pdf,originals/government/www.mha.gov.in/bea59cf5fbd31d16/OvercrowdingPrison09052011[1]_0.pdf,application/pdf,43066,English,,,,Official Government of India source page
url:2468c8a3502ffc9fdae727a9354526ec8fce47a6a6db83c9e398649ce1173e84,Appointment of Non-Official Visitors in Prisons,"Ministry of Home Affairs, Government of India - Women Safety Division",official_guidance,India - Central,,18/02/2011,2011,,current/verify,,2026-08-20,c70d9ff44c09eb3b92807b834215cbe9504ec10e92ac3ae1c8c7a0da175a0345,https://www.mha.gov.in/sites/default/files/2022-09/ApptVisitor18022011%5B1%5D.pdf,https://www.mha.gov.in/en/divisionofmha/Women_Safety_Division/prison-reforms,ApptVisitor18022011[1].pdf,originals/government/www.mha.gov.in/2468c8a3502ffc9f/ApptVisitor18022011[1].pdf,application/pdf,19626,English,,,,Official Government of India source page
url:72e37a8cfa7fd4682a96c4af5cfe5359d2e8a2035aba6afb3dfdfb22b953d3bf,Best Prison Practices,"Ministry of Home Affairs, Government of India - Women Safety Division",official_guidance,India - Central,,08/11/2010,2010,,current/verify,,2026-08-20,8415a632486789cf2ba5006a0dd5cd8eaa25ec8358d00b802df173edcdf2750d,https://www.mha.gov.in/sites/default/files/2022-09/BestPrisonPractice08112010%5B1%5D.pdf,https://www.mha.gov.in/en/divisionofmha/Women_Safety_Division/prison-reforms,BestPrisonPractice08112010[1].pdf,originals/government/www.mha.gov.in/72e37a8cfa7fd468/BestPrisonPractice08112010[1].pdf,application/pdf,63931,English,,,,Official Government of India source page
url:f4ab55e662a80c79eb19f3202b90db45c765cdf3b8c928a1583fae55c778d8ab,Advisory on the policy for the treatment of terminally ill prisoners-inmates (TIPs),"Ministry of Home Affairs, Government of India - Women Safety Division",advisory,India - Central,,13/08/2010,2010,,current/verify,,2026-08-20,45c71b6c4756bf8962d053febce26e8bafdbeb37208c3b1d1c9ede319ff4b4ac,https://www.mha.gov.in/sites/default/files/2022-09/Advpol-261110_1%5B1%5D.pdf,https://www.mha.gov.in/en/divisionofmha/Women_Safety_Division/prison-reforms,Advpol-261110_1[1].pdf,originals/government/www.mha.gov.in/f4ab55e662a80c79/Advpol-261110_1[1].pdf,application/pdf,19222,English,,,,Official Government of India source page
url:b580e16435f960e125b74e6ca4cf4c0743b44244115059e546712a853307c668,Advisory to curb/eliminate smuggling of drugs into prisons,"Ministry of Home Affairs, Government of India - Women Safety Division",advisory,India - Central,,25/05/2010,2010,,current/verify,,2026-08-20,65bceb058c06231dc92a6baed3b0ca7a40d751a546d6e7efee9eabae520a15a3,https://www.mha.gov.in/sites/default/files/2022-09/smuggglingDrug25052010%5B1%5D.pdf,https://www.mha.gov.in/en/divisionofmha/Women_Safety_Division/prison-reforms,smuggglingDrug25052010[1].pdf,originals/government/www.mha.gov.in/b580e16435f960e1/smuggglingDrug25052010[1].pdf,application/pdf,13519,English,,,,Official Government of India source page
url:c39bef885d9bf166f7803c44f63f1f10c3424a96ccb857935aea8ef699b7ebe5,Advisory on improving the security measures in jails to avoid the incident of jail breaking,"Ministry of Home Affairs, Government of India - Women Safety Division",advisory,India - Central,,16/10/2009,2009,,current/verify,,2026-08-20,e08bed70ec3746198160d34429fdaaa53da734ef0073bb061626f160605aa797,https://www.mha.gov.in/sites/default/files/2022-09/ImprovingSecJial16102009%5B1%5D.pdf,https://www.mha.gov.in/en/divisionofmha/Women_Safety_Division/prison-reforms,ImprovingSecJial16102009[1].pdf,originals/government/www.mha.gov.in/c39bef885d9bf166/ImprovingSecJial16102009[1].pdf,application/pdf,13787,English,,,,Official Government of India source page
url:faf709f3efe72530ce4e2a07e6a4bfa0c94a64957ffbfb7161170bb5b33393c9,Comprehensive Advisory on Prison Administration,"Ministry of Home Affairs, Government of India - Women Safety Division",advisory,India - Central,,17/07/2009,2009,,current/verify,,2026-08-20,4f4fddf30e9d237788fb593c8f93c84ffdd9afd5ed27305463a08fd80b247925,https://www.mha.gov.in/sites/default/files/2022-09/PrisonAdmin17072009%5B1%5D.pdf,https://www.mha.gov.in/en/divisionofmha/Women_Safety_Division/prison-reforms,PrisonAdmin17072009[1].pdf,originals/government/www.mha.gov.in/faf709f3efe72530/PrisonAdmin17072009[1].pdf,application/pdf,106916,English,,,,Official Government of India source page
url:d636c61bc7a0c29d8e179983b5448c08f702e133740d9b580bd52682e88736cc,Advisory on transfer of prisoner from one jail to another,"Ministry of Home Affairs, Government of India - Women Safety Division",advisory,India - Central,,16/07/2009,2009,,current/verify,,2026-08-20,15b8b0dc340b791223f6f1e2e5a14da86f0536580ebd055d57778d600fd17753,https://www.mha.gov.in/sites/default/files/2022-09/TransferPrisoner16072009%5B1%5D.pdf,https://www.mha.gov.in/en/divisionofmha/Women_Safety_Division/prison-reforms,TransferPrisoner16072009[1].pdf,originals/government/www.mha.gov.in/d636c61bc7a0c29d/TransferPrisoner16072009[1].pdf,application/pdf,13822,English,,,,Official Government of India source page
url:703d1f7788da3be54e36528b093d28966ff9ec5ae36179587095fda9dcef1f47,Advisory on Ban of smoking in prison premises,"Ministry of Home Affairs, Government of India - Women Safety Division",advisory,India - Central,,23/03/2009,2009,,current/verify,,2026-08-20,e47dd09cd3d41ea737a670a8e222f44b8295ec289d75dc0fff1c6c78a427a68d,https://www.mha.gov.in/sites/default/files/2022-09/BanOfSmoking23032009%5B1%5D.pdf,https://www.mha.gov.in/en/divisionofmha/Women_Safety_Division/prison-reforms,BanOfSmoking23032009[1].pdf,originals/government/www.mha.gov.in/703d1f7788da3be5/BanOfSmoking23032009[1].pdf,application/pdf,13353,English,,,,Official Government of India source page
url:fd81da50a50a8aeac796bfadf7f4e08c7f6931043ffc7ad52931b00366f8225f,Advisory for detention of mentally ill undertrial prisoners – Guidelines issued by the Supreme Court,"Ministry of Home Affairs, Government of India - Women Safety Division",guidance,India - Central,,13/12/2007,2007,,current/verify,,2026-08-20,2025c4340aa8fb9609281dbb80a6969d5a4a38d91bfac0d4962efb80e7428c17,https://www.mha.gov.in/sites/default/files/2022-09/DetentionMentally13Dec2007%5B1%5D.pdf,https://www.mha.gov.in/en/divisionofmha/Women_Safety_Division/prison-reforms,DetentionMentally13Dec2007[1].pdf,originals/government/www.mha.gov.in/fd81da50a50a8aea/DetentionMentally13Dec2007[1].pdf,application/pdf,42410,English,,,,Official Government of India source page
url:32277cbbcf954999ae621147ee3870208333b116fff1af99e8e8c10ef48b3821,Advisory on Sensitization to Prison inmates on HIV/AIDS,"Ministry of Home Affairs, Government of India - Women Safety Division",advisory,India - Central,,29/11/2007,2007,,current/verify,,2026-08-20,4ff1b02ce552681dd111a6f85e1cb8d6e36b23b089fabff194a405d0517f5ff6,https://www.mha.gov.in/sites/default/files/2022-09/SensitizationHIV29112007%5B1%5D.pdf,https://www.mha.gov.in/en/divisionofmha/Women_Safety_Division/prison-reforms,SensitizationHIV29112007[1].pdf,originals/government/www.mha.gov.in/32277cbbcf954999/SensitizationHIV29112007[1].pdf,application/pdf,11844,English,,,,Official Government of India source page
url:31792096549b915482e8a676399cd4711ff31f0f36d65aa022aa51f1fd66fb81,Advisory on Tightening of security measures in jails,"Ministry of Home Affairs, Government of India - Women Safety Division",advisory,India - Central,,14/08/2006,2006,,current/verify,,2026-08-20,9693dff41a58219b4b542366faa16fb897dc56149e5592901c1debc0c1f220f0,https://www.mha.gov.in/sites/default/files/2022-09/TighteningSecJail14082006%5B1%5D.pdf,https://www.mha.gov.in/en/divisionofmha/Women_Safety_Division/prison-reforms,TighteningSecJail14082006[1].pdf,originals/government/www.mha.gov.in/31792096549b9154/TighteningSecJail14082006[1].pdf,application/pdf,15854,English,,,,Official Government of India source page
url:2e865a9b49d0a9db0e124360dc80f709fdfc00b145ee620473671c121cf8c9e0,Advisory on Facilities to the children of women prisoners – Guidelines issued by the Supreme Court,"Ministry of Home Affairs, Government of India - Women Safety Division",guidance,India - Central,,15/05/2006,2006,,current/verify,,2026-08-20,4ba8741a80777be9b686be42a5001e94e502b44a7a06577d02037cb212ce7629,https://www.mha.gov.in/sites/default/files/2022-09/GuidelineChildrenofWomenPrisoner15052006%5B1%5D.pdf,https://www.mha.gov.in/en/divisionofmha/Women_Safety_Division/prison-reforms,GuidelineChildrenofWomenPrisoner15052006[1].pdf,originals/government/www.mha.gov.in/2e865a9b49d0a9db/GuidelineChildrenofWomenPrisoner15052006[1].pdf,application/pdf,96003,English,,,,Official Government of India source page
url:7bbdd4d89dbd0558517129c5e81a679666474205d9deccbf2430ff2ba69b3d14,Advisory on strengthening of security arrangements in Jails,"Ministry of Home Affairs, Government of India - Women Safety Division",advisory,India - Central,,21/09/1998,1998,,current/verify,,2026-08-20,4cda7287084767125e0c2dfbdc8612a51f71cc5bc1a170597affeea0771d3ad8,https://www.mha.gov.in/sites/default/files/2022-09/SecArrangJail21091998%5B1%5D.pdf,https://www.mha.gov.in/en/divisionofmha/Women_Safety_Division/prison-reforms,SecArrangJail21091998[1].pdf,originals/government/www.mha.gov.in/7bbdd4d89dbd0558/SecArrangJail21091998[1].pdf,application/pdf,17016,English,,,,Official Government of India source page
url:2bcafd611dc56b68889916f41f4d9ea19a50b2bffe8e7e565ff889d608ee714d,The United Nations Standard Minimum Rules for the Treatment of Prisoners (the Nelson Mandela Rules),"Ministry of Home Affairs, Government of India - Women Safety Division",rule,India - Central,,,,,current/verify,,2026-08-20,201515c9d78bae31655c8140e1d31ee0b9ee1216e36e3c3a98abfabdd7d65b28,https://www.mha.gov.in/sites/default/files/2022-12/UNODCNelsonMandelaRules_09042019_0_0%5B1%5D.pdf,https://www.mha.gov.in/en/divisionofmha/Women_Safety_Division/prison-reforms,UNODCNelsonMandelaRules_09042019_0_0[1].pdf,originals/government/www.mha.gov.in/2bcafd611dc56b68/UNODCNelsonMandelaRules_09042019_0_0[1].pdf,application/pdf,381118,English,,,,Official Government of India source page
url:0a815c61af48d0e3038544fa83041ded741097e385876cdcc09dca6bbdab41fa,NHRC monograph titled Suicide in Prison - Prevention strategy and implication from human rights and legal points of view 2014,"Ministry of Home Affairs, Government of India - Women Safety Division",official_guidance,India - Central,,,2014,,current/verify,,2026-08-20,8ebe250ece04fe9354863c2c9a9afb6aa18def1364675b6b7cbc882b1744c1c2,https://www.mha.gov.in/sites/default/files/2022-09/NHRC_SUICIDEINPRISON2014_09042019_0%5B1%5D.pdf,https://www.mha.gov.in/en/divisionofmha/Women_Safety_Division/prison-reforms,NHRC_SUICIDEINPRISON2014_09042019_0[1].pdf,originals/government/www.mha.gov.in/0a815c61af48d0e3/NHRC_SUICIDEINPRISON2014_09042019_0[1].pdf,application/pdf,4777687,English,,,,Official Government of India source page
url:a406789b686984cb04532286aa8731d37b9b08a5ffdd076bc212858691cb4f2c,International Committee of the Red Cross (ICRC) Guidelines on investigating deaths in custody,"Ministry of Home Affairs, Government of India - Women Safety Division",guidance,India - Central,,,,,current/verify,,2026-08-20,d122a51d43fa2f53de1a9cfea4f82fc9bc95f6571f558a2bd8744c50646f2993,https://www.mha.gov.in/sites/default/files/2022-12/ICRCGuidelinesoninvestigatingdeathsincustody_09042019_0%5B1%5D.pdf,https://www.mha.gov.in/en/divisionofmha/Women_Safety_Division/prison-reforms,ICRCGuidelinesoninvestigatingdeathsincustody_09042019_0[1].pdf,originals/government/www.mha.gov.in/a406789b686984cb/ICRCGuidelinesoninvestigatingdeathsincustody_09042019_0[1].pdf,application/pdf,515865,English,,,,Official Government of India source page
url:1578d3221b8690dddad343bc9711ff96570e4db81330255187eb9e0392172ccc,NHRC selected letters and guidelines on deaths in custody,"Ministry of Home Affairs, Government of India - Women Safety Division",guidance,India - Central,,14/12/1993,1993,,current/verify,,2026-08-20,e8c56462e76a9fba6e8a9881c478075ed37fc0ea27d7c6da0455ed72dea34578,https://www.mha.gov.in/sites/default/files/2022-12/NHRCselectedlettersandguidelinesondeathsincustody_09042019_0%5B1%5D.pdf,https://www.mha.gov.in/en/divisionofmha/Women_Safety_Division/prison-reforms,NHRCselectedlettersandguidelinesondeathsincustody_09042019_0[1].pdf,originals/government/www.mha.gov.in/1578d3221b8690dd/NHRCselectedlettersandguidelinesondeathsincustody_09042019_0[1].pdf,application/pdf,207354,English,,,,Official Government of India source page
url:0d47b5be4f315119d4e43cb04a3d1c8a3ed96606a635622f569fb0b94c858f81,Names and details of prison personnel awarded with Correctional Service Medals from Republic Day 2000 to Independence Day 2023,"Ministry of Home Affairs, Government of India - Women Safety Division",official_guidance,India - Central,,05/04/1999,1999,,current/verify,,2026-08-20,afd885e953b396d5fb82d87a4281278995a9a1cc03262ed4c6cf5983c3060f2b,https://www.mha.gov.in/sites/default/files/2024-09/NameDetailsAwardeesMedals_13092024.pdf,https://www.mha.gov.in/en/divisionofmha/Women_Safety_Division/prison-reforms,NameDetailsAwardeesMedals_13092024.pdf,originals/government/www.mha.gov.in/0d47b5be4f315119/NameDetailsAwardeesMedals_13092024.pdf,application/pdf,4298678,English,,,,Official Government of India source page
url:7a7ba3fa93e8577609679d3d5d2a0ac60a486eb0d572391632f9f7136399c80d,"Training of State Police and Prison officers and staff of all States and UTs on new aspects of the three new criminal laws – Bharatiya Nyaya Sanhita 2023, Bharatiya Nagarik Suraksha Sanhita 2023 and Bharatiya Sakshya Adhiniyam 2023","Ministry of Home Affairs, Government of India - Women Safety Division",act,India - Central,,30/04/2024,2024,,current/verify,,2026-08-20,42529ce06062074467398172256d2e8450118be8794a00a9291f4790e40fb115,https://www.mha.gov.in/sites/default/files/2024-05/Advisory_01052024.pdf,https://www.mha.gov.in/en/commoncontent/advisories-0,Advisory_01052024.pdf,originals/government/www.mha.gov.in/7a7ba3fa93e85776/Advisory_01052024.pdf,application/pdf,2176691,English,,,,Official Government of India source page
url:008d2202d6181c57cb745701a8cd6eaa8c89f55334f61c6a0f5c21adb46127a2,"Transgender Persons (Protection of Rights) Act 2019 and the Transgender Persons (Protection of Rights) Rules, 2020","Ministry of Home Affairs, Government of India - Women Safety Division",rule,India - Central,,21/01/2021,2021,,current/verify,,2026-08-20,41f72416e0308c8d75091d0f7feb34ea6a5da85a676da4e5e45b206124b7b6ab,https://www.mha.gov.in/sites/default/files/2024-02/Advisory_19022024.pdf,https://www.mha.gov.in/en/commoncontent/advisories-0,Advisory_19022024.pdf,originals/government/www.mha.gov.in/008d2202d6181c57/Advisory_19022024.pdf,application/pdf,987204,English,,,,Official Government of India source page
url:3d4ec5aecbb3b5f628478e264f074ba7b25a327d99dd12e4585862060914975e,Implementation of the Modernisation of Prisons project in Prisons of all States and Union Territories,"Ministry of Home Affairs, Government of India - Women Safety Division",advisory,India - Central,,05/04/2022,2022,,current/verify,,2026-08-20,0b0e7c7bea522e88202296672d202ff4624a8bffc114f7bf4e5a4490180cd827,https://www.mha.gov.in/sites/default/files/2022-12/GuidelinesModernisationPrisons_09042022_0%5B1%5D.pdf,https://www.mha.gov.in/en/commoncontent/advisories-0,GuidelinesModernisationPrisons_09042022_0[1].pdf,originals/government/www.mha.gov.in/3d4ec5aecbb3b5f6/GuidelinesModernisationPrisons_09042022_0[1].pdf,application/pdf,2989943,English,,,,Official Government of India source page
url:68f0f907ef727dfbb16eaf6d655afc436bb6c49afa9fc921899532cd2b3b75da,Strengthening Capacity to deal with cases of crimes against Women,"Ministry of Home Affairs, Government of India - Women Safety Division",advisory,India - Central,,15/11/2021,2021,,current/verify,,2026-08-20,db63d9296bf6587b2f65ac5cfdd210e2ebd9864d337cac1d3923f37034b0b621,https://www.mha.gov.in/sites/default/files/2022-08/Advisory_15112021_0%5B1%5D.pdf,https://www.mha.gov.in/en/commoncontent/advisories-0,Advisory_15112021_0[1].pdf,originals/government/www.mha.gov.in/68f0f907ef727dfb/Advisory_15112021_0[1].pdf,application/pdf,349522,English,,,,Official Government of India source page
url:a8a77ff914f09373fb9e83437fba30d490931d84040bd86a61ecf1cdf4287796,"Protection of vulnerable sections of society including women, children, senior citizens and scheduled caste/scheduled tribe, etc","Ministry of Home Affairs, Government of India - Women Safety Division",advisory,India - Central,,07/06/2021,2021,,current/verify,,2026-08-20,1b3e81b4a443633868b758c489cd5dfbac568efb3cf208986caa81e0ed7a837f,https://www.mha.gov.in/sites/default/files/2022-09/WSAdvisory_06072021%5B1%5D.pdf,https://www.mha.gov.in/en/commoncontent/advisories-0,WSAdvisory_06072021[1].pdf,originals/government/www.mha.gov.in/a8a77ff914f09373/WSAdvisory_06072021[1].pdf,application/pdf,5868747,English,,,,Official Government of India source page
url:a455aa8e87b6686ddec4ef3b186936ef1e8c17bf68f07a8c994a1270302002a6,"Advisory for protection of vulnerable sections of society such as women, children, senior citizens and Scheduled Caste/Scheduled tribe","Ministry of Home Affairs, Government of India - Women Safety Division",advisory,India - Central,,13/06/2021,2021,,current/verify,,2026-08-20,27d2cac6e7c06098210018da4f87b5c3670838e4baf69a998e4f0c696003491e,https://www.mha.gov.in/sites/default/files/2022-09/advisory_21052021_0_1%5B1%5D.pdf,https://www.mha.gov.in/en/commoncontent/advisories-0,advisory_21052021_0_1[1].pdf,originals/government/www.mha.gov.in/a455aa8e87b6686d/advisory_21052021_0_1[1].pdf,application/pdf,15168526,English,,,,Official Government of India source page
url:1474f109758409cb79e90d8368774a4cd0b09697811ea75c13d82e805da9e78b,"Advisory dated 29.07.2020 on Guidelines and SOP for preventing and combating crimes against weaker sections of the society including women, children and Scheduled Castes/Tribes","Ministry of Home Affairs, Government of India - Women Safety Division",sop,India - Central,,13/06/2021,2021,,current/verify,,2026-08-20,075f5a60718fac921324e057a0d023cf24ea25bc1d9926cfd1e62fe7191cd78a,https://www.mha.gov.in/sites/default/files/2022-09/AdvisorySOP_03082020_1%5B1%5D.PDF,https://www.mha.gov.in/en/commoncontent/advisories-0,AdvisorySOP_03082020_1[1].PDF,originals/government/www.mha.gov.in/1474f109758409cb/AdvisorySOP_03082020_1[1].PDF,application/pdf,973368,English,,,,Official Government of India source page
url:cef269c56dd282c96a3ecf12d66b5f7e008b395e7fe299ba73623b041c077f52,"The Scheduled Castes and Scheduled Tribes (Prevention of Atrocities)Amedment Act,2015","Ministry of Home Affairs, Government of India - Women Safety Division",act,India - Central,,13/06/2021,2021,,current/verify,,2026-08-20,b38864d3761f417335533929a71e8cafa3f45da64dacd5249741f544328c112d,https://www.mha.gov.in/sites/default/files/2022-09/Advisory23052016_improve_0_1%5B1%5D.pdf,https://www.mha.gov.in/en/commoncontent/advisories-0,Advisory23052016_improve_0_1[1].pdf,originals/government/www.mha.gov.in/cef269c56dd282c9/Advisory23052016_improve_0_1[1].pdf,application/pdf,1433004,English,,,,Official Government of India source page
url:3fe6fbc31ebc74d7fc98f09d001f628fa427edb3d5bee23fe353b3f95a7c7777,Advisory on Compulsory Registration of FIR u/s 154 Cr. P.C. when the information makes out a cognizable offence.,"Ministry of Home Affairs, Government of India - Women Safety Division",advisory,India - Central,,13/06/2021,2021,,current/verify,,2026-08-20,453dfd191e458dfcfa43acc36dfaffc1cad9f5849bedaa0edbe5b1f01f5d63a8,https://www.mha.gov.in/sites/default/files/2022-09/AdvisoryFIR_060214_1_1%5B1%5D.pdf,https://www.mha.gov.in/en/commoncontent/advisories-0,AdvisoryFIR_060214_1_1[1].pdf,originals/government/www.mha.gov.in/3fe6fbc31ebc74d7/AdvisoryFIR_060214_1_1[1].pdf,application/pdf,65594,English,,,,Official Government of India source page
url:4cd3e8f137c0cd57b70a886cdb490c99d5211a9f9097a6bf9fdf94a7f13c8fc7,Advisory on no discrimination in compulsory registration of FIRs.,"Ministry of Home Affairs, Government of India - Women Safety Division",advisory,India - Central,,13/06/2021,2021,,current/verify,,2026-08-20,48ebcea771da27351e5a77792b83d0b0f39fde9f87b5473e5ed60be01da0b840,https://www.mha.gov.in/sites/default/files/2022-09/AdvisoryCompulsoryRegistrationFIRs_141015_1_1%5B1%5D.pdf,https://www.mha.gov.in/en/commoncontent/advisories-0,AdvisoryCompulsoryRegistrationFIRs_141015_1_1[1].pdf,originals/government/www.mha.gov.in/4cd3e8f137c0cd57/AdvisoryCompulsoryRegistrationFIRs_141015_1_1[1].pdf,application/pdf,926864,English,,,,Official Government of India source page
url:f7dd7e3288cc3b8099d56c73e3444b476a8d5f726dca62c32f2cea2e6bdaaff6,Advisory on Registration of FIR irrespective of territorial jurisdiction and Zero FIR.,"Ministry of Home Affairs, Government of India - Women Safety Division",advisory,India - Central,,13/06/2021,2021,,current/verify,,2026-08-20,d3a28390dfd0fe22e4242d5e50b780c97a086a243d19184ed889365cbdbbc2c8,https://www.mha.gov.in/sites/default/files/2022-09/AdvisoryFIR-290513_1_1%5B1%5D.pdf,https://www.mha.gov.in/en/commoncontent/advisories-0,AdvisoryFIR-290513_1_1[1].pdf,originals/government/www.mha.gov.in/f7dd7e3288cc3b80/AdvisoryFIR-290513_1_1[1].pdf,application/pdf,53872,English,,,,Official Government of India source page
url:f5ca0b4ef71c348e94c8bc23960c153fce7cd0e0def9c0a1ca5faae25e2523fe,NHRC data on SC.ST Complaints and data on action taken against the Police Personnel,"Ministry of Home Affairs, Government of India - Women Safety Division",advisory,India - Central,,,,,current/verify,,2026-08-20,d1a3d4981b1c2186adea966c57caf08f71d2011ed0bdc049e2b441175a6104f6,https://www.mha.gov.in/sites/default/files/2022-12/NHRCdata_09112022%5B1%5D.pdf,https://www.mha.gov.in/en/commoncontent/advisories-0,NHRCdata_09112022[1].pdf,originals/government/www.mha.gov.in/f5ca0b4ef71c348e/NHRCdata_09112022[1].pdf,application/pdf,104933,English,,,,Official Government of India source page
url:ba864b7822d050185de212ad2c2d6a915b724893f21246335597937f9d0d9354,Operationalization of Women Help desks and Anti Human Trafficking Units Management System,"Ministry of Home Affairs, Government of India - Women Safety Division",advisory,India - Central,,13/06/2021,2021,,current/verify,,2026-08-20,5da00de4156c9dc256b3b4625ab387a00142c58d9e07f6b579a9aefda791c803,https://www.mha.gov.in/sites/default/files/2022-09/WHD_AHTU_25012021_1%5B1%5D.pdf,https://www.mha.gov.in/en/commoncontent/advisories-0,WHD_AHTU_25012021_1[1].pdf,originals/government/www.mha.gov.in/ba864b7822d05018/WHD_AHTU_25012021_1[1].pdf,application/pdf,2330297,English,,,,Official Government of India source page
url:8c2818b616ef9f86be94d651af8bbab51343d022967db2580c9e42b612d2bf75,"Effective implementation of Protection of Civil Rights (PCR) Act, 1955 and the Scheduled Castes and the Scheduled Tribes (Prevention of Atrocities) Act, 1989- Advisory on crime against SCs/STs","Ministry of Home Affairs, Government of India - Women Safety Division",act,India - Central,,02/07/2024,2024,,current/verify,,2026-08-20,591ceeb49f55a735f70ae2c85323d91bc7e6daef7274e61ef250a624284ccd78,https://www.mha.gov.in/sites/default/files/2024-07/crimeagainstSCST_08072024.pdf,https://www.mha.gov.in/en/commoncontent/advisories-0,crimeagainstSCST_08072024.pdf,originals/government/www.mha.gov.in/8c2818b616ef9f86/crimeagainstSCST_08072024.pdf,application/pdf,894525,English,,,,Official Government of India source page
url:6abec4ab4aa422f336b0cd553466144c6841c2f570f94ddb6d82fef4962a8751,"National review meeting of the Committee for effective implementation/status of Protection of Civil Rights (PCR) Act, 1955 and the Scheduled Castes and the Scheduled Tribes (Prevention of Atrocities) Act, 1989- Advisory on crime against SCs/STs","Ministry of Home Affairs, Government of India - Women Safety Division",act,India - Central,,17/06/2022,2022,,current/verify,,2026-08-20,6d1b4c9696c9ec663c3713aaac7fe7b456bc05d9c55d916d2a2620e2649a6bda,https://www.mha.gov.in/sites/default/files/2022-12/Nationalreviewmeeting17062022%5B1%5D.pdf,https://www.mha.gov.in/en/commoncontent/advisories-0,Nationalreviewmeeting17062022[1].pdf,originals/government/www.mha.gov.in/6abec4ab4aa422f3/Nationalreviewmeeting17062022[1].pdf,application/pdf,1752171,English,,,,Official Government of India source page
url:13f21e898d883a40627a28b839cc1f65a4b8ab666b2ca8a56848fa04ea2d3a8f,"Protection of vulnerable sections of society including women, children, senior citizens and scheduled caste/scheduled tribe, etc","Ministry of Home Affairs, Government of India - Women Safety Division",advisory,India - Central,,30/06/2021,2021,,current/verify,,2026-08-20,1b3e81b4a443633868b758c489cd5dfbac568efb3cf208986caa81e0ed7a837f,https://www.mha.gov.in/sites/default/files/2022-12/Protectionofvulnerable30062021%5B1%5D.pdf,https://www.mha.gov.in/en/commoncontent/advisories-0,Protectionofvulnerable30062021[1].pdf,originals/government/www.mha.gov.in/13f21e898d883a40/Protectionofvulnerable30062021[1].pdf,application/pdf,5868747,English,,,,Official Government of India source page
url:baae9e800f5ffe67eedcb5b16934de05e45294dc973c705f97a7a7e8ae8ec250,"Protection of vulnerable sections of society including women, children, senior citizens and scheduled caste/scheduled tribe, etc","Ministry of Home Affairs, Government of India - Women Safety Division",advisory,India - Central,,19/05/2022,2022,,current/verify,,2026-08-20,27d2cac6e7c06098210018da4f87b5c3670838e4baf69a998e4f0c696003491e,https://www.mha.gov.in/sites/default/files/2022-12/19-05-2021%5B1%5D.pdf,https://www.mha.gov.in/en/commoncontent/advisories-0,19-05-2021[1].pdf,originals/government/www.mha.gov.in/baae9e800f5ffe67/19-05-2021[1].pdf,application/pdf,15168526,English,,,,Official Government of India source page
url:71aaaeb50b673dab5b629ec6f8976d999c80eede3df048de3069a0f1a2fc0431,"Transgender Persons (Protection of Rights) Act, 2019 and Transgender Persons (Protection of Rights) Rules, 2020","Ministry of Home Affairs, Government of India - Women Safety Division",rule,India - Central,,21/01/2021,2021,,current/verify,,2026-08-20,489be056a1fd1b572a20ac4595e31f9658c7ad04428e342451898c888c2510ff,https://www.mha.gov.in/sites/default/files/2022-12/21-01-2021%5B1%5D.pdf,https://www.mha.gov.in/en/commoncontent/advisories-0,21-01-2021[1].pdf,originals/government/www.mha.gov.in/71aaaeb50b673dab/21-01-2021[1].pdf,application/pdf,88293,English,,,,Official Government of India source page
url:bb766e197089db409aee01f9346dba74018315d837644b48f37a3060f1103e4f,"Advisory on Guidelines and SOP for preventing and combating crimes against weaker sections of the society including women, children and Scheduled Castes/Scheduled Tribes","Ministry of Home Affairs, Government of India - Women Safety Division",sop,India - Central,,29/07/2020,2020,,current/verify,,2026-08-20,075f5a60718fac921324e057a0d023cf24ea25bc1d9926cfd1e62fe7191cd78a,https://www.mha.gov.in/sites/default/files/2022-12/29-07-2020%5B1%5D.PDF,https://www.mha.gov.in/en/commoncontent/advisories-0,29-07-2020[1].PDF,originals/government/www.mha.gov.in/bb766e197089db40/29-07-2020[1].PDF,application/pdf,973368,English,,,,Official Government of India source page
url:2e89edc75afddd45f3caf4507ef7b66d7d2dbdd1daef2f89ae0f4b4ff8ce70ee,"Amendment to the Scheduled Castes and Scheduled Tribes (Prevention of Atrocities) Amendment Act, 1989","Ministry of Home Affairs, Government of India - Women Safety Division",act,India - Central,,26/09/2018,2018,,current/verify,,2026-08-20,bddc494c98f4afb17e437c0d44b09b87cda3e3a400ed7a5ae327e136d2602209,https://www.mha.gov.in/sites/default/files/2022-12/26-09-2018%5B1%5D.pdf,https://www.mha.gov.in/en/commoncontent/advisories-0,26-09-2018[1].pdf,originals/government/www.mha.gov.in/2e89edc75afddd45/26-09-2018[1].pdf,application/pdf,444599,English,,,,Official Government of India source page
url:fc5bbc74c03fdbaa8b3f72f98616f2f0908bfb36480893ec6ddb27a38d724924,"Scheduled Castes and Scheduled Tribes (Prevention of Atrocities) Amendment Act, 2015","Ministry of Home Affairs, Government of India - Women Safety Division",act,India - Central,,23/05/2016,2016,,current/verify,,2026-08-20,b38864d3761f417335533929a71e8cafa3f45da64dacd5249741f544328c112d,https://www.mha.gov.in/sites/default/files/2022-12/23-05-2016%5B1%5D.pdf,https://www.mha.gov.in/en/commoncontent/advisories-0,23-05-2016[1].pdf,originals/government/www.mha.gov.in/fc5bbc74c03fdbaa/23-05-2016[1].pdf,application/pdf,1433004,English,,,,Official Government of India source page
url:ce6ce460fbfe9a97c55fcb19f23e31f6378e6664d3c621fa54907671e1f48a6e,Central Victim Compensation Fund Scheme (CVCF) Guidelines,"Ministry of Home Affairs, Government of India - Women Safety Division",guidance,India - Central,,14/10/2015,2015,,current/verify,,2026-08-20,08e00536f65fda74c38d3be5863d3173ab5824e88e3ca5f2efbd6c94713504f4,https://www.mha.gov.in/sites/default/files/2022-12/14-10-2015%5B1%5D.pdf,https://www.mha.gov.in/en/commoncontent/advisories-0,14-10-2015[1].pdf,originals/government/www.mha.gov.in/ce6ce460fbfe9a97/14-10-2015[1].pdf,application/pdf,1319451,English,,,,Official Government of India source page
url:2366931f55ba6f6b0c5ae6d98df85da256777e4c050fbdba9e3fa68898f15e98,No discrimination in compulsory registration of FIRs,"Ministry of Home Affairs, Government of India - Women Safety Division",advisory,India - Central,,12/10/2015,2015,,current/verify,,2026-08-20,48ebcea771da27351e5a77792b83d0b0f39fde9f87b5473e5ed60be01da0b840,https://www.mha.gov.in/sites/default/files/2022-12/12-10-2015%5B1%5D.pdf,https://www.mha.gov.in/en/commoncontent/advisories-0,12-10-2015[1].pdf,originals/government/www.mha.gov.in/2366931f55ba6f6b/12-10-2015[1].pdf,application/pdf,926864,English,,,,Official Government of India source page
url:19d461ff3028e375ca9fc0fc6295a6b51fc5af130b3b727ebaef3d475c2387cb,Compulsory Registration of FIR u/s 154 Cr.P.C when the information makes out a cognizable offence,"Ministry of Home Affairs, Government of India - Women Safety Division",advisory,India - Central,,05/02/2014,2014,,current/verify,,2026-08-20,453dfd191e458dfcfa43acc36dfaffc1cad9f5849bedaa0edbe5b1f01f5d63a8,https://www.mha.gov.in/sites/default/files/2022-12/05-02-2014%5B1%5D.pdf,https://www.mha.gov.in/en/commoncontent/advisories-0,05-02-2014[1].pdf,originals/government/www.mha.gov.in/19d461ff3028e375/05-02-2014[1].pdf,application/pdf,65594,English,,,,Official Government of India source page
url:ef8e6f447e7cb635a679c02c1d86b4821cae673069431975b08f0a771fe4c59f,Registration of FIR irrespective of territorial jurisdiction and Zero FIR,"Ministry of Home Affairs, Government of India - Women Safety Division",advisory,India - Central,,10/05/2013,2013,,current/verify,,2026-08-20,6108cc8635a3bddc01e55795b20d62afcbf9eadd272a63aa55b3e0033ae1f415,https://www.mha.gov.in/sites/default/files/2022-12/10-05-2013%5B1%5D.pdf,https://www.mha.gov.in/en/commoncontent/advisories-0,10-05-2013[1].pdf,originals/government/www.mha.gov.in/ef8e6f447e7cb635/10-05-2013[1].pdf,application/pdf,330886,English,,,,Official Government of India source page
url:2d031635ee4f3be0a9b4cbef5ef67c2f6b25919e32cd0271fd58f6b153663889,"Preparation of a victim Compensation Scheme for the victim of crime in view of insertion of a new Section 357-A in the Cr.P.C. through ‘the code of Criminal Procedure (Amendment) Act, 2008","Ministry of Home Affairs, Government of India - Women Safety Division",act,India - Central,,07/09/2010,2010,,current/verify,,2026-08-20,0dd7665b72759f2e306cd95c8500bf2ea2589cda4c2824d8cd07aa1443c7f4ac,https://www.mha.gov.in/sites/default/files/2022-12/07-09-2010%5B1%5D.pdf,https://www.mha.gov.in/en/commoncontent/advisories-0,07-09-2010[1].pdf,originals/government/www.mha.gov.in/2d031635ee4f3be0/07-09-2010[1].pdf,application/pdf,2443392,English,,,,Official Government of India source page
url:ef3fdd9fa600da8a2d82463cc86cd5e657289f73c8b3d382326174d284cf84e3,"Need for effective implementation of the Protection of Civil Rights Act, 1955 and the Scheduled Castes and the Scheduled Tribes (Prevention of Atrocities) Act, 1989","Ministry of Home Affairs, Government of India - Women Safety Division",act,India - Central,,03/02/2005,2005,,current/verify,,2026-08-20,f9287acd102a885d2be4138caaa2d2006eee04034aca2f51b4fd2460b2253297,https://www.mha.gov.in/sites/default/files/2022-12/03-02-2005%5B1%5D.pdf,https://www.mha.gov.in/en/commoncontent/advisories-0,03-02-2005[1].pdf,originals/government/www.mha.gov.in/ef3fdd9fa600da8a/03-02-2005[1].pdf,application/pdf,122786,English,,,,Official Government of India source page
url:f4473ebe5de229766681dfe3d295d9d31701b21ed5e78ed718eb8832678d4ee9,Fifth Report of Parliamentary Committee on Empowerment of Women for the year 2021-22 - Recommendation thereof,"Ministry of Home Affairs, Government of India - Women Safety Division",advisory,India - Central,,31/01/2022,2022,,current/verify,,2026-08-20,84cf9627ae08289e8461426e4c77dc6d54120c4d9c47608bf5e0125b2aee3bd7,https://www.mha.gov.in/sites/default/files/2022-12/31-01-2022%5B1%5D.pdf,https://www.mha.gov.in/en/commoncontent/advisories-0,31-01-2022[1].pdf,originals/government/www.mha.gov.in/f4473ebe5de22976/31-01-2022[1].pdf,application/pdf,402225,English,,,,Official Government of India source page
url:b3459b277b1602a3afd0f67f7a8ca6858c70cd37a969459464f5f5ba84c1f98e,Mandatory action by police in cases of crimes against women,"Ministry of Home Affairs, Government of India - Women Safety Division",advisory,India - Central,,09/10/2020,2020,,current/verify,,2026-08-20,6a7ec8dc98bc0e2431b2a0f297776129fd3715ecbb7d93f3500ed4732c790550,https://www.mha.gov.in/sites/default/files/2022-12/09-10-2020%5B1%5D.pdf,https://www.mha.gov.in/en/commoncontent/advisories-0,09-10-2020[1].pdf,originals/government/www.mha.gov.in/b3459b277b1602a3/09-10-2020[1].pdf,application/pdf,7015032,English,,,,Official Government of India source page
url:300ce493a93c04a41bee6e5eb18d9c4c88e8acea50f37d87f49fe834fd74406a,Setting up strengthening of Women Help Desks in Police Stations,"Ministry of Home Affairs, Government of India - Women Safety Division",advisory,India - Central,,10/01/2020,2020,,current/verify,,2026-08-20,b041900f8d5de0869382ec2caedea4cd52ad91c39cacfbe8df445d9b0a940295,https://www.mha.gov.in/sites/default/files/2022-12/10-01-2020%5B1%5D.PDF,https://www.mha.gov.in/en/commoncontent/advisories-0,10-01-2020[1].PDF,originals/government/www.mha.gov.in/300ce493a93c04a4/10-01-2020[1].PDF,application/pdf,880602,English,,,,Official Government of India source page
url:664f3903ea5e1dba6a364ec0d437753ba9a4e84598a512d3d2b2a7404109b265,DO letter from Union Home Secretary to all States UTs for implementing the measures taken by Ministry of Home Affairs for curbing crimes against women,"Ministry of Home Affairs, Government of India - Women Safety Division",advisory,India - Central,,05/12/2019,2019,,current/verify,,2026-08-20,26663d67ff27a4f9cab16cd280246bfa8f84781036342e7cde8569ff7d3960ff,https://www.mha.gov.in/sites/default/files/2022-12/05-12-2019%5B1%5D.pdf,https://www.mha.gov.in/en/commoncontent/advisories-0,05-12-2019[1].pdf,originals/government/www.mha.gov.in/664f3903ea5e1dba/05-12-2019[1].pdf,application/pdf,5029714,English,,,,Official Government of India source page
url:4a54a527f247032770bef53369d1b6222c8f5327d26edf1c1232d36e0ce17c53,Non-disclosure of identity of victim – Writ Petition (C) no. 565/2012 –Nipun Saxena & ANR. Vs. Union of India & Ors,"Ministry of Home Affairs, Government of India - Women Safety Division",advisory,India - Central,,16/01/2019,2019,,current/verify,,2026-08-20,a234afbf7accc179715bcfbc042a8498b5512b0bcf5513a3e6c23fde3cb9b55a,https://www.mha.gov.in/sites/default/files/2022-12/16-01-2019%5B1%5D.pdf,https://www.mha.gov.in/en/commoncontent/advisories-0,16-01-2019[1].pdf,originals/government/www.mha.gov.in/4a54a527f2470327/16-01-2019[1].pdf,application/pdf,8433003,English,,,,Official Government of India source page
url:522bed4626a628ec4a9b4dbe3fb7d065e16a24d925cccf924ef6f922e11d0dfd,Constitution of Internal Committee for Prevention of Sexual Harassment at Work Place,"Ministry of Home Affairs, Government of India - Women Safety Division",advisory,India - Central,,12/12/2018,2018,,current/verify,,2026-08-20,25a7ba909f48e3045686ad1f71b147c23698db199df8c47c244c319cedb1d1a4,https://www.mha.gov.in/sites/default/files/2022-12/12-12-2018%5B1%5D.pdf,https://www.mha.gov.in/en/commoncontent/advisories-0,12-12-2018[1].pdf,originals/government/www.mha.gov.in/522bed4626a628ec/12-12-2018[1].pdf,application/pdf,1782595,English,,,,Official Government of India source page
url:6a50b9ff53d7df37c7fd5957895119d2edd14f94fe95f3c7b8cdb6acd0c17de2,Advisory to States/ UTs circulating the judgement of Hon’ble Supreme Court in WP(C) No. 73 of 2015 regarding section 498A of the IPC,"Ministry of Home Affairs, Government of India - Women Safety Division",advisory,India - Central,,26/11/2018,2018,,current/verify,,2026-08-20,f7d1a31f3b42f4d40b51f14005201e838a978cf0d88901aabd564e94b6bced57,https://www.mha.gov.in/sites/default/files/2022-12/26-11-2018%5B1%5D.pdf,https://www.mha.gov.in/en/commoncontent/advisories-0,26-11-2018[1].pdf,originals/government/www.mha.gov.in/6a50b9ff53d7df37/26-11-2018[1].pdf,application/pdf,5800954,English,,,,Official Government of India source page
url:697be8f79b68e7f0c63d20201cc6b49080ee932fd3408378fa1377cd4c48b1ad,Measures to be taken in cases of missing adolescent girls,"Ministry of Home Affairs, Government of India - Women Safety Division",advisory,India - Central,,25/09/2018,2018,,current/verify,,2026-08-20,dd88577169c9b2aadaa66eccf960a94bff375620ccc1e7ae2a7db45df89e48d9,https://www.mha.gov.in/sites/default/files/2022-12/25-09-2018%5B1%5D.pdf,https://www.mha.gov.in/en/commoncontent/advisories-0,25-09-2018[1].pdf,originals/government/www.mha.gov.in/697be8f79b68e7f0/25-09-2018[1].pdf,application/pdf,112732,English,,,,Official Government of India source page
url:dc285772ff9d478902c96a6a9abb3c091679c4f17bd5915a603d434f56edd399,Compensation Scheme for Women Victims/Survivors of Sexual Assault/other Crimes – 2018 prepared by NALSA and circulated by MHA,"Ministry of Home Affairs, Government of India - Women Safety Division",advisory,India - Central,,28/06/2018,2018,,current/verify,,2026-08-20,6c5eedf90aa8fec45d19cfc6f1e5bec366db6e5d632b93aa1367206538d57572,https://www.mha.gov.in/sites/default/files/2022-12/28-06-2018%5B1%5D.pdf,https://www.mha.gov.in/en/commoncontent/advisories-0,28-06-2018[1].pdf,originals/government/www.mha.gov.in/dc285772ff9d4789/28-06-2018[1].pdf,application/pdf,6902070,English,,,,Official Government of India source page
url:61b98fd4ce38be9bf2065d36ca1ca8c53486063c3af5ca94199731dcd768f468,Deployment of Special Mahila Police Volunteers (MPVs) –Safety and Security of Women,"Ministry of Home Affairs, Government of India - Women Safety Division",advisory,India - Central,,22/06/2016,2016,,current/verify,,2026-08-20,f7032e10ecafe93cdc8054cd834eff0b1dabe50bd6269c4575280d560db80885,https://www.mha.gov.in/sites/default/files/2022-12/22-06-2016%5B1%5D.pdf,https://www.mha.gov.in/en/commoncontent/advisories-0,22-06-2016[1].pdf,originals/government/www.mha.gov.in/61b98fd4ce38be9b/22-06-2016[1].pdf,application/pdf,132326,English,,,,Official Government of India source page
url:a5e5ecf1a84e85fb16df72ab98c83aadf53dfcaef3859739347c4791283d40c7,Comprehensive approach towards crimes against women,"Ministry of Home Affairs, Government of India - Women Safety Division",advisory,India - Central,,12/05/2015,2015,,current/verify,,2026-08-20,51e1a6c50f48b872d69d1058a03ffd324964effdc035eaeba31a354811ac87cc,https://www.mha.gov.in/sites/default/files/2022-12/12-05-2015%5B1%5D.pdf,https://www.mha.gov.in/en/commoncontent/advisories-0,12-05-2015[1].pdf,originals/government/www.mha.gov.in/a5e5ecf1a84e85fb/12-05-2015[1].pdf,application/pdf,1047820,English,,,,Official Government of India source page
url:b046477d58f593d334b52f64f1cf4c2e0fdc642df4849604c499ef0a6725d0b1,Expediting cases of acid attack on women,"Ministry of Home Affairs, Government of India - Women Safety Division",advisory,India - Central,,20/04/2015,2015,,current/verify,,2026-08-20,38b9807e228054f3b0634f92ce94ec8379974bc200e1def8cd6e6488ac481aaf,https://www.mha.gov.in/sites/default/files/2022-12/20-04-2015%5B1%5D.pdf,https://www.mha.gov.in/en/commoncontent/advisories-0,20-04-2015[1].pdf,originals/government/www.mha.gov.in/b046477d58f593d3/20-04-2015[1].pdf,application/pdf,785637,English,,,,Official Government of India source page
url:28f6d5f09e230177f19ccb03d4ecd6ea183faa6cc869b3fb7dfdafe88c43bc1f,Investigative Units for Crime against Women (IUCAW),"Ministry of Home Affairs, Government of India - Women Safety Division",advisory,India - Central,,05/01/2015,2015,,current/verify,,2026-08-20,0e9b5286f8588658485a6fcdd69b61e5907ac4e8434e785071ed0c3b946f6576,https://www.mha.gov.in/sites/default/files/2022-12/05-01-2015%5B1%5D.PDF,https://www.mha.gov.in/en/commoncontent/advisories-0,05-01-2015[1].PDF,originals/government/www.mha.gov.in/28f6d5f09e230177/05-01-2015[1].PDF,application/pdf,57469,English,,,,Official Government of India source page
url:67ff3c20112d39f9830499997525f89f2841952970a2369c2f8a63c0625476dd,DO letter from Union Home Secretary on measures to be taken to curb cases of crimes against women and increasing the representation of women in police force,"Ministry of Home Affairs, Government of India - Women Safety Division",advisory,India - Central,,22/04/2013,2013,,current/verify,,2026-08-20,0ab01e599249da4b42e0204a88cdf109e1fedfb337801c4866f62671b1d68769,https://www.mha.gov.in/sites/default/files/2022-12/22-04-2013%5B1%5D.pdf,https://www.mha.gov.in/en/commoncontent/advisories-0,22-04-2013[1].pdf,originals/government/www.mha.gov.in/67ff3c20112d39f9/22-04-2013[1].pdf,application/pdf,56357,English,,,,Official Government of India source page
url:7e0e1ac462048eac6136da27df6007c53c5a871954f6daaa006edcb6cab65f2d,Crime against Women – Measures needed to curb,"Ministry of Home Affairs, Government of India - Women Safety Division",advisory,India - Central,,04/09/2004,2004,,current/verify,,2026-08-20,b0cdd46749432aff25f5f5d368eb4710f5d344926f6b5ff18071acfa16623c52,https://www.mha.gov.in/sites/default/files/2022-12/04-09-2009%5B1%5D.pdf,https://www.mha.gov.in/en/commoncontent/advisories-0,04-09-2009[1].pdf,originals/government/www.mha.gov.in/7e0e1ac462048eac/04-09-2009[1].pdf,application/pdf,51653,English,,,,Official Government of India source page
url:f1018b4c98a634f34610a4b6cb3a93529017818e715803265f22ba065887fb29,Crime against Women-measures needed to curb,"Ministry of Home Affairs, Government of India - Women Safety Division",advisory,India - Central,,05/05/2004,2004,,current/verify,,2026-08-20,1f53df0a57804856c2da0c6736d0aa875536f0ea5b5e2d98520262aafe6d0828,https://www.mha.gov.in/sites/default/files/2022-12/05-05-2004%5B1%5D.pdf,https://www.mha.gov.in/en/commoncontent/advisories-0,05-05-2004[1].pdf,originals/government/www.mha.gov.in/f1018b4c98a634f3/05-05-2004[1].pdf,application/pdf,118377,English,,,,Official Government of India source page
url:6fc45601c1f5bdfa7524786d80732148b306fb16ddd5574e442d0731fe8d784d,Advisory on Elimination of Child Labour,"Ministry of Home Affairs, Government of India - Women Safety Division",advisory,India - Central,,30/04/2024,2024,,current/verify,,2026-08-20,93260e2d22f31470f78f19e29897e9e3f44e05c4645d2dd1f69d908084493e63,https://www.mha.gov.in/sites/default/files/2024-07/WSChildLabour_08072024.pdf,https://www.mha.gov.in/en/commoncontent/advisories-0,WSChildLabour_08072024.pdf,originals/government/www.mha.gov.in/6fc45601c1f5bdfa/WSChildLabour_08072024.pdf,application/pdf,808143,English,,,,Official Government of India source page
url:de078de93efcfd7b7a37de7a76578de2c029c5916278c68c4be32b6415ebe345,Appointment of Child Welfare Police Officers and Special Juvenile Police Units under Juveniles Justice Act (Care and Protection) Act 2015,"Ministry of Home Affairs, Government of India - Women Safety Division",act,India - Central,,17/10/2022,2022,,current/verify,,2026-08-20,bb4f94b5c7222059266386090c5748d754f591f18a792a03742e2ca5cbba6326,https://www.mha.gov.in/sites/default/files/2022-12/advisory_17102022_0%5B1%5D.pdf,https://www.mha.gov.in/en/commoncontent/advisories-0,advisory_17102022_0[1].pdf,originals/government/www.mha.gov.in/de078de93efcfd7b/advisory_17102022_0[1].pdf,application/pdf,277847,English,,,,Official Government of India source page
url:b08ebca9c89f1ba0bc7692809d6fdf54de3baf64cbf7ffd27fa3817f5f2f820b,Suo Moto Writ Petition (Criminal) No. 1/2019 regarding Alarming rise in the number of reported child rape incidents,"Ministry of Home Affairs, Government of India - Women Safety Division",advisory,India - Central,,03/12/2019,2019,,current/verify,,2026-08-20,7abe470307230516eca2dd546ca18dfa076ad4fa2758b37a1be248a0dd7ba28e,https://www.mha.gov.in/sites/default/files/2022-12/03-12-2019%5B1%5D.pdf,https://www.mha.gov.in/en/commoncontent/advisories-0,03-12-2019[1].pdf,originals/government/www.mha.gov.in/b08ebca9c89f1ba0/03-12-2019[1].pdf,application/pdf,480888,English,,,,Official Government of India source page
url:01eb7e05811ec863ab715a2846f2c449b4024d704960b79846bbdc2849138a5a,"Protection of Children from Sexual Offences (Amendment) Act, 2019","Ministry of Home Affairs, Government of India - Women Safety Division",act,India - Central,,20/11/2019,2019,,current/verify,,2026-08-20,c5772751172a38f408c9d39908a5cb3105ffcb8bf600582379fa3df21b93eb47,https://www.mha.gov.in/sites/default/files/2022-12/20-11-2019%5B1%5D.pdf,https://www.mha.gov.in/en/commoncontent/advisories-0,20-11-2019[1].pdf,originals/government/www.mha.gov.in/01eb7e05811ec863/20-11-2019[1].pdf,application/pdf,894137,English,,,,Official Government of India source page
url:44704488d362ff792e6cd5c52814658998507e7c413c132d2ee131081253e5fd,Measures to be taken in cases of missing adolescent girls,"Ministry of Home Affairs, Government of India - Women Safety Division",advisory,India - Central,,25/09/2018,2018,,current/verify,,2026-08-20,dd88577169c9b2aadaa66eccf960a94bff375620ccc1e7ae2a7db45df89e48d9,https://www.mha.gov.in/sites/default/files/2022-12/25.09.2018%5B1%5D.pdf,https://www.mha.gov.in/en/commoncontent/advisories-0,25.09.2018[1].pdf,originals/government/www.mha.gov.in/44704488d362ff79/25.09.2018[1].pdf,application/pdf,112732,English,,,,Official Government of India source page
url:518842f4d0dd1238451e0431ee1944cdcf8889ad3cca91c8a183b57945ae9f15,W.P. 75/2012 Bachpan Bachao Andolan Vs Union of India regarding missing children,"Ministry of Home Affairs, Government of India - Women Safety Division",advisory,India - Central,,23/12/2016,2016,,current/verify,,2026-08-20,ef67a2232fda20364208541c5e1fd93f11861ae70093cdd4ec5cdbc9f754dac2,https://www.mha.gov.in/sites/default/files/2022-12/23-12-2016%5B1%5D.pdf,https://www.mha.gov.in/en/commoncontent/advisories-0,23-12-2016[1].pdf,originals/government/www.mha.gov.in/518842f4d0dd1238/23-12-2016[1].pdf,application/pdf,3314804,English,,,,Official Government of India source page
url:a2a866ce83b17f2c5d434d1c14e5bf834cc3761520b4f301498f5e63dd3e3991,Advisory on Hon’ble Supreme Court’s direction to file FIR in case of Missing Children,"Ministry of Home Affairs, Government of India - Women Safety Division",advisory,India - Central,,25/06/2013,2013,,current/verify,,2026-08-20,b4f350e5c5a398f7e0bc26128f6b32588e714729c4e12becc114a14adcb24c8d,https://www.mha.gov.in/sites/default/files/2022-12/25-06-2013%5B1%5D.pdf,https://www.mha.gov.in/en/commoncontent/advisories-0,25-06-2013[1].pdf,originals/government/www.mha.gov.in/a2a866ce83b17f2c/25-06-2013[1].pdf,application/pdf,61837,English,,,,Official Government of India source page
url:13ce791e552b75d54837782046919a5d07c60d4c074549f582943a5eedff97ab,Advisory on missing children-measures needed to prevent trafficking and trace the children-regarding,"Ministry of Home Affairs, Government of India - Women Safety Division",advisory,India - Central,,31/01/2013,2013,,current/verify,,2026-08-20,aa9dcacd360e09f00ffc9ab9d6774d2a430473a52860961187cad4d669900e02,https://www.mha.gov.in/sites/default/files/2022-12/31-01-2012%5B1%5D.pdf,https://www.mha.gov.in/en/commoncontent/advisories-0,31-01-2012[1].pdf,originals/government/www.mha.gov.in/13ce791e552b75d5/31-01-2012[1].pdf,application/pdf,83706,English,,,,Official Government of India source page
url:c8faa5ad5e6b02ceb9ce410518578f5f534d4142f765b75e776544baf8bc6cba,Advisory on Crime against Children,"Ministry of Home Affairs, Government of India - Women Safety Division",advisory,India - Central,,14/07/2010,2010,,current/verify,,2026-08-20,17f52c474c068d5189a7aa032e2b65e0f1717a63afdd5b69b4ab9fbf6993adf3,https://www.mha.gov.in/sites/default/files/2022-12/14-07-2010%5B1%5D.pdf,https://www.mha.gov.in/en/commoncontent/advisories-0,14-07-2010[1].pdf,originals/government/www.mha.gov.in/c8faa5ad5e6b02ce/14-07-2010[1].pdf,application/pdf,16871,English,,,,Official Government of India source page
url:2fc03e820cce8159ffecc7252f9d1648ccb7f352a746ab5b54fcd6864e825755,Guidelines of Women Help Desks Scheme.,"Ministry of Home Affairs, Government of India - Women Safety Division",guidance,India - Central,,10/01/2020,2020,,current/verify,,2026-08-20,b041900f8d5de0869382ec2caedea4cd52ad91c39cacfbe8df445d9b0a940295,https://www.mha.gov.in/sites/default/files/2022-12/WHDGuidelines_03082020_1%5B1%5D.PDF,https://www.mha.gov.in/en/commoncontent/advisories-0,WHDGuidelines_03082020_1[1].PDF,originals/government/www.mha.gov.in/2fc03e820cce8159/WHDGuidelines_03082020_1[1].PDF,application/pdf,880602,English,,,,Official Government of India source page
url:9ebc23aae966907f901f1ef9caff36a71b27998b4521e7692ce1ca4bccd3d6c3,Guidelines of Central Victim Compensation Fund Scheme,"Ministry of Home Affairs, Government of India - Women Safety Division",guidance,India - Central,,13/07/2016,2016,,current/verify,,2026-08-20,dbb8f6516e0ae8e662256419c9783bf566a0956886359d7c65f071b7ef113adb,https://www.mha.gov.in/sites/default/files/2022-12/CVCFGuidelines%5B1%5D.PDF,https://www.mha.gov.in/en/commoncontent/advisories-0,CVCFGuidelines[1].PDF,originals/government/www.mha.gov.in/9ebc23aae966907f/CVCFGuidelines[1].PDF,application/pdf,1442465,English,,,,Official Government of India source page
url:3eb058d5ee98780db561dbf817b2838327d102f36dc1a1b836c434e176d65ba9,SOP issued by BPR&D for investigation of Rape Cases,"Ministry of Home Affairs, Government of India - Women Safety Division",sop,India - Central,,,,,current/verify,,2026-08-20,1203bc90ca3a8e218bb83ff10320f25d30f731a0a04dcefbc3d7b40398d8301c,https://www.mha.gov.in/sites/default/files/2022-12/SOPBPRDinvestigationofRapeCases%5B1%5D.pdf,https://www.mha.gov.in/en/commoncontent/advisories-0,SOPBPRDinvestigationofRapeCases[1].pdf,originals/government/www.mha.gov.in/3eb058d5ee98780d/SOPBPRDinvestigationofRapeCases[1].pdf,application/pdf,285012,English,,,,Official Government of India source page
url:7e5ad621f756f34f8eb51ea319ab92f3d427e2c39b200f265ea3a99f3dac26a9,SOP issued by BPR&D for tracing of Missing Children,"Ministry of Home Affairs, Government of India - Women Safety Division",sop,India - Central,,,,,current/verify,,2026-08-20,95ad6e72ec80622dadc52f47a31122e5a74d07f1a87ed93979c5fe72d9f6a7c5,https://www.mha.gov.in/sites/default/files/2022-12/SOPtracingMissingChildren%5B1%5D.pdf,https://www.mha.gov.in/en/commoncontent/advisories-0,SOPtracingMissingChildren[1].pdf,originals/government/www.mha.gov.in/7e5ad621f756f34f/SOPtracingMissingChildren[1].pdf,application/pdf,5822146,English,,,,Official Government of India source page
url:d48d9f998ff4b34d6878397b8fd78a8441b66ec342653ee0428d2a8c5154be03,"The Criminal Procedure (Identification) Act, 2022","Ministry of Home Affairs, Government of India - ICJS/NCRB Administration",act,India - Central,,18/04/2022,2022,,current/verify,,2026-08-20,3447048e7879a10e055e16c1d4ef8f9386aa460af5091534d04bd8b2518a4248,https://www.mha.gov.in/sites/default/files/2024-09/TheCriminalProcedure%28Identification%29Act2022_13092024.pdf,https://www.mha.gov.in/en/commoncontent/icjsncrb-administration,TheCriminalProcedure(Identification)Act2022_13092024.pdf,originals/government/www.mha.gov.in/d48d9f998ff4b34d/TheCriminalProcedure(Identification)Act2022_13092024.pdf,application/pdf,765275,English,,,,Official Government of India source page
url:192172504d53732e6ce748470507e2805335ff6c5aaaace97d00bf95f9cb8c43,"The Criminal Law (Amendment) Act, 2018","Ministry of Home Affairs, Government of India - ICJS/NCRB Administration",act,India - Central,,11/08/2018,2018,,current/verify,,2026-08-20,86ae202053a6ca67994ffe407a187c35f8b327777feae623f8f74f457b13682b,https://www.mha.gov.in/sites/default/files/2024-09/TheCriminalLaw%28Amendment%29Act2018_13092024.pdf,https://www.mha.gov.in/en/commoncontent/icjsncrb-administration,TheCriminalLaw(Amendment)Act2018_13092024.pdf,originals/government/www.mha.gov.in/192172504d53732e/TheCriminalLaw(Amendment)Act2018_13092024.pdf,application/pdf,1645391,English,,,,Official Government of India source page
url:db0006594e39b80aff7b0871807245096c32637ed8f530a9b9d1b825bad30ddc,Advisory on ITSSO Compliance 4 July 2024,"Ministry of Home Affairs, Government of India - ICJS/NCRB Administration",advisory,India - Central,,04/07/2024,2024,,current/verify,,2026-08-20,9b1ec8d6dfc6ff5eea3ea1888cb3bf6d30bb13b9040e23e42912936e25cae751,https://www.mha.gov.in/sites/default/files/2024-09/Advisory4July2024_13092024.pdf,https://www.mha.gov.in/en/commoncontent/icjsncrb-administration,Advisory4July2024_13092024.pdf,originals/government/www.mha.gov.in/db0006594e39b80a/Advisory4July2024_13092024.pdf,application/pdf,284862,English,,,,Official Government of India source page
url:d51a6367a34566c67433393b0da1891411ed34b6dc7313c7060edfe6c8c7349a,Advisory on ITSSO Compliance 25 Jan 2024,"Ministry of Home Affairs, Government of India - ICJS/NCRB Administration",advisory,India - Central,,25/01/2024,2024,,current/verify,,2026-08-20,4cba8125713e4f1ef5add552d12a2ada16d8ef5a2f6f190af1ee92b6b7f09029,https://www.mha.gov.in/sites/default/files/2024-09/Advisory25Jan2024_13092024.pdf,https://www.mha.gov.in/en/commoncontent/icjsncrb-administration,Advisory25Jan2024_13092024.pdf,originals/government/www.mha.gov.in/d51a6367a34566c6/Advisory25Jan2024_13092024.pdf,application/pdf,285408,English,,,,Official Government of India source page
url:fab456056e4c367c4ac45d3ed3a2fb0d4d9979f02197e60d9180ec2dcb7307fa,Advisory on Implementation of e-FIR in CCTNS dated 13 Nov 2023,"Ministry of Home Affairs, Government of India - ICJS/NCRB Administration",advisory,India - Central,,13/11/2023,2023,,current/verify,,2026-08-20,0405e10466da4f49903848103f87013b3a74e9d76f98fb29d1e060ba23093283,https://www.mha.gov.in/sites/default/files/2024-09/Advisory13Nov2024_13092024.pdf,https://www.mha.gov.in/en/commoncontent/icjsncrb-administration,Advisory13Nov2024_13092024.pdf,originals/government/www.mha.gov.in/fab456056e4c367c/Advisory13Nov2024_13092024.pdf,application/pdf,151285,English,,,,Official Government of India source page
url:bb59f5459c46ff6b8c481c6e285a30f7be6a62fe5ac02e43ba20048805162255,Advisory on e-FIR to States 13 May 2022,"Ministry of Home Affairs, Government of India - ICJS/NCRB Administration",advisory,India - Central,,13/05/2022,2022,,current/verify,,2026-08-20,c218bcc698f975d5b699a7d9d810c4b3d5b101fa5fe1be1c29a93df643790e28,https://www.mha.gov.in/sites/default/files/2024-09/Advisory13May2022_13092024.pdf,https://www.mha.gov.in/en/commoncontent/icjsncrb-administration,Advisory13May2022_13092024.pdf,originals/government/www.mha.gov.in/bb59f5459c46ff6b/Advisory13May2022_13092024.pdf,application/pdf,6285773,English,,,,Official Government of India source page
url:4b1b36e1b595d0d4808aefca21d3d52496ca1b33e208c126dfa66776371ee09f,Advisory on ITSSO Compliance 25 Mar 2022,"Ministry of Home Affairs, Government of India - ICJS/NCRB Administration",advisory,India - Central,,25/03/2022,2022,,current/verify,,2026-08-20,db225b563dbe9ae3a9cabf9e4894bd286b356bb678a28c8e18cac88c313038b7,https://www.mha.gov.in/sites/default/files/2024-09/AdvITSSOCompliance25Mar2022_13092024.pdf,https://www.mha.gov.in/en/commoncontent/icjsncrb-administration,AdvITSSOCompliance25Mar2022_13092024.pdf,originals/government/www.mha.gov.in/4b1b36e1b595d0d4/AdvITSSOCompliance25Mar2022_13092024.pdf,application/pdf,1004873,English,,,,Official Government of India source page
url:9ce484a7c56be6005a158cf8c2e349aa4b36c030469905f5f54c647a21a09176,Advisory on e-FIR to States 28 Jan 2022,"Ministry of Home Affairs, Government of India - ICJS/NCRB Administration",advisory,India - Central,,28/01/2022,2022,,current/verify,,2026-08-20,1211e784c17e5a521ee711c4342a23d4a07eb70de65e4b34b1351c531b99bd5d,https://www.mha.gov.in/sites/default/files/2024-09/Advisoryonstates_13092024.pdf,https://www.mha.gov.in/en/commoncontent/icjsncrb-administration,Advisoryonstates_13092024.pdf,originals/government/www.mha.gov.in/9ce484a7c56be600/Advisoryonstates_13092024.pdf,application/pdf,4230764,English,,,,Official Government of India source page
url:e1d252129ec925265c03a2553b030b8bd989152049c9fd8d9a4c3bc28859cf0a,Adjournment Alert Module in e-Prosecution Application under ICJS,"Ministry of Home Affairs, Government of India - ICJS/NCRB Administration",official_guidance,India - Central,,30/05/2020,2020,,current/verify,,2026-08-20,80cd52ee1260181080a3fef799662f0db4afc9a8bf9596e26c112c52e7535358,https://www.mha.gov.in/sites/default/files/2024-09/AdjournmentAlertModule_13092024.pdf,https://www.mha.gov.in/en/commoncontent/icjsncrb-administration,AdjournmentAlertModule_13092024.pdf,originals/government/www.mha.gov.in/e1d252129ec92526/AdjournmentAlertModule_13092024.pdf,application/pdf,195604,English,,,,Official Government of India source page
url:b475ea287f392969f68e70ddb4d9bbe42cdca8b1c0e796f11660223395efae01,Safe City Framework and Guidelines,"Ministry of Home Affairs, Government of India - ICJS/NCRB Administration",guidance,India - Central,,27/09/2018,2018,,current/verify,,2026-08-20,c9d316133855314fdc02ba5fab2a4f0114948328d6aface0ae3e1d341ef8d407,https://www.mha.gov.in/sites/default/files/2024-09/Safe_City_Framework_Guideline_OM_Sept2018.pdf,https://www.mha.gov.in/en/commoncontent/icjsncrb-administration,Safe_City_Framework_Guideline_OM_Sept2018.pdf,originals/government/www.mha.gov.in/b475ea287f392969/Safe_City_Framework_Guideline_OM_Sept2018.pdf,application/pdf,2928160,English,,,,Official Government of India source page
url:f80ce37e23af1a6ae783a099d003ac7d71308a8b63a8ef0677da27379433f06c,JUSTICE K.S.PUTTASWAMY(RETD) vs UNION OF INDIA W.P.(C) No. 494/2012,Supreme Court of India,judgment,India - Central,Supreme Court of India,24-08-2017,2017,,precedent/status verify,,2026-08-20,abbbdd515ab42c791f06f36242f72858f3b0dd98e96ebe08fed1370b05f738ab,https://www.sci.gov.in/sci-get-pdf/?diary_no=350712012&type=j&order_date=2017-08-24&from=latest_judgements_order,https://www.sci.gov.in/landmark-judgment-summaries/?judgment_year=2017,350712012_2017-08-24.pdf,originals/judgments/supreme_court_of_india/f80ce37e23af1a6a/350712012_2017-08-24.pdf,application/pdf,3059899,English,,,,SCI Landmark Judgment; Subject: Recognition of the right to privacy as part of the right to life and personal liberty under Article 21 and other rights guaranteed by Part III of the Constitution
url:e6f5e768ef15c216456099eeda1bebea0a5a972048f42fb7dbca77ea242ddf34,BAR COUNCIL OF INDIA vs A.K. BALAJI . C.A. No. 7875-7879/2015,Supreme Court of India,judgment,India - Central,Supreme Court of India,13-03-2018,2018,,precedent/status verify,,2026-08-20,a26e004f1c903cfce279a7b6e722efe13821a9338d33345ceccceb013f1be839,https://www.sci.gov.in/sci-get-pdf/?diary_no=138902012&type=j&order_date=2018-03-13&from=latest_judgements_order,https://www.sci.gov.in/landmark-judgment-summaries/?judgment_year=2018,138902012_2018-03-13.pdf,originals/judgments/supreme_court_of_india/e6f5e768ef15c216/138902012_2018-03-13.pdf,application/pdf,236979,English,,,,"SCI Landmark Judgment; Subject: The Supreme Court clarified the scope of legal practice under the Advocates Act, 1961, addressing the roles of foreign lawyers and firms in India, including their ability to provide legal services, ad"
url:31bcd315a5ab3482ca279cdb825700d9a0e2632d4ee690770ea61a6b88421c41,RITESH SINHA vs STATE OF UTTAR PRADESH Crl.A. No. 2003/2012,Supreme Court of India,judgment,India - Central,Supreme Court of India,02-08-2019,2019,,precedent/status verify,,2026-08-20,3e2d813c7ac675c62444949fceb28a92fef6206625ae73f9b96f0ab7d6f94a5c,https://www.sci.gov.in/sci-get-pdf/?diary_no=273522010&type=j&order_date=2019-08-02&from=latest_judgements_order,https://www.sci.gov.in/landmark-judgment-summaries/?judgment_year=2019,273522010_2019-08-02.pdf,originals/judgments/supreme_court_of_india/31bcd315a5ab3482/273522010_2019-08-02.pdf,application/pdf,282247,English,,,,SCI Landmark Judgment; Subject: Constitutionality of requiring an accused person to provide a voice sample.
url:21c9bd45f0fd3e74a35a117bbb8b9adf1d402035f0807cbf302afecd1d94f635,THE STATE OF KERALA vs K.AJITH Crl.A. No. 697/2021,Supreme Court of India,judgment,India - Central,Supreme Court of India,28-07-2021,2021,,precedent/status verify,,2026-08-20,6ced0852438eee22f8eca57fa58810a2fa386f008be42c09f70e038df887d42f,https://www.sci.gov.in/sci-get-pdf/?diary_no=115102021&type=j&order_date=2021-07-28&from=latest_judgements_order,https://www.sci.gov.in/landmark-judgment-summaries/?judgment_year=2021,115102021_2021-07-28.pdf,originals/judgments/supreme_court_of_india/21c9bd45f0fd3e74/115102021_2021-07-28.pdf,application/pdf,482678,English,,,,"SCI Landmark Judgment; Subject: the Supreme Court held that legislators' privileges under Article 194 do not extend to acts of public property destruction, and refused the withdrawal of criminal proceedings under Section 321 of the"
url:15ed152c4356f017b145434787c99710f5488aa9ac8e8cb3cdfbecb4412c20ff,NEERAJ DUTTA vs STATE(GOVT.OF N.C.T.OF DELHI) Crl.A. No. 1669/2009,Supreme Court of India,judgment,India - Central,Supreme Court of India,15-12-2022,2022,,precedent/status verify,,2026-08-20,6928c09b932bd9bbc7c232ad4b1ebf58b2e795cbd65792219aa8f01b15979881,https://www.sci.gov.in/sci-get-pdf/?diary_no=113112009&type=j&order_date=2022-12-15&from=latest_judgements_order,https://www.sci.gov.in/landmark-judgment-summaries/?judgment_year=2022,113112009_2022-12-15.pdf,originals/judgments/supreme_court_of_india/15ed152c4356f017/113112009_2022-12-15.pdf,application/pdf,559114,English,,,,"SCI Landmark Judgment; Subject: Whether a public servant can be convicted under the Prevention of Corruption Act, 1988 without direct evidence."
url:6fd8ad4e0837e5a90812e8ccefcf25a42f587d5f428a2653e8ab2ae4e1a6fdda,SUKHPAL SINGH KHAIRA vs THE STATE OF PUNJAB Crl.A. No. 885/2019,Supreme Court of India,judgment,India - Central,Supreme Court of India,05-12-2022,2022,,precedent/status verify,,2026-08-20,cb501e98a1ef6af9782b006286ac346ecfa443abfe509e8f62e56d32478d894e,https://www.sci.gov.in/sci-get-pdf/?diary_no=372552017&type=j&order_date=2022-12-05&from=latest_judgements_order,https://www.sci.gov.in/landmark-judgment-summaries/?judgment_year=2022,372552017_2022-12-05.pdf,originals/judgments/supreme_court_of_india/6fd8ad4e0837e5a9/372552017_2022-12-05.pdf,application/pdf,347557,English,,,,SCI Landmark Judgment; Subject: Power of a court to summon a new accused after trial has ended.
url:ca10dcf65c0088796f892554494ffddf8e2501ffe3db34b21a3f6667b24053ee,MANISH SISODIA vs CENTRAL BUREAU OF INVESTIGATION Crl.A. No. 3352/2023,Supreme Court of India,judgment,India - Central,Supreme Court of India,30-10-2023,2023,,precedent/status verify,,2026-08-20,13bc77588cc480562e00ebc0c213e7189fc33617e4c8cc2c942adec17717ca90,https://www.sci.gov.in/sci-get-pdf/?diary_no=266682023&type=j&order_date=2023-10-30&from=latest_judgements_order,https://www.sci.gov.in/landmark-judgment-summaries/?judgment_year=2023,266682023_2023-10-30.pdf,originals/judgments/supreme_court_of_india/ca10dcf65c008879/266682023_2023-10-30.pdf,application/pdf,332644,English,,,,SCI Landmark Judgment; Subject: Bail application filed by Deputy Chief Minister of Delhi.
url:5295c8f6c7d7d50dac6d599c8d32d675d7a4db067308ce142290f0fd063bb524,PANKAJ BANSAL vs UNION OF INDIA Crl.A. No. 3051-3052/2023,Supreme Court of India,judgment,India - Central,Supreme Court of India,03-10-2023,2023,,precedent/status verify,,2026-08-20,8bbaa3599df33e8d025c72ee535b618dc713b33e71e7750dd7e78c42f2f0d33f,https://www.sci.gov.in/sci-get-pdf/?diary_no=302752023&type=j&order_date=2023-10-03&from=latest_judgements_order,https://www.sci.gov.in/landmark-judgment-summaries/?judgment_year=2023,302752023_2023-10-03.pdf,originals/judgments/supreme_court_of_india/5295c8f6c7d7d50d/302752023_2023-10-03.pdf,application/pdf,261714,English,,,,"SCI Landmark Judgment; Subject: Requirements of a legal arrest under Section 19 of the Prevention of Money Laundering Act, 2002."
url:27f2d23274839e9c110eb63fdb94c603bef0aed763f451f5089561f495f43515,C.B.I. vs DR. R.R. KISHORE Crl.A. No. 377/2007,Supreme Court of India,judgment,India - Central,Supreme Court of India,11-09-2023,2023,,precedent/status verify,,2026-08-20,204dad8e9313625cd5e8651e5874826ae3fe4d2318ff36e5ec2d7a44041a7f2f,https://www.sci.gov.in/sci-get-pdf/?diary_no=4152007&type=j&order_date=2023-09-11&from=latest_judgements_order,https://www.sci.gov.in/landmark-judgment-summaries/?judgment_year=2023,4152007_2023-09-11.pdf,originals/judgments/supreme_court_of_india/27f2d23274839e9c/4152007_2023-09-11.pdf,application/pdf,443568,English,,,,"SCI Landmark Judgment; Subject: Whether the Supreme Court's invalidation of Section 6A of the Delhi Special Police Establishment Act, 1946 would have retrospective effect."
url:2539f70f18f28f32015e1914a5031396725e4fb6acf609d1b903eecfb4ec5ae4,AMEENA BEGUM vs THE STATE OF TELANGANA Crl.A. No. 2706/2023,Supreme Court of India,judgment,India - Central,Supreme Court of India,04-09-2023,2023,,precedent/status verify,,2026-08-20,d6d5552eb942180644d50e91cd4b6118490100047cc89079df2962e303836282,https://www.sci.gov.in/sci-get-pdf/?diary_no=274422023&type=j&order_date=2023-09-04&from=latest_judgements_order,https://www.sci.gov.in/landmark-judgment-summaries/?judgment_year=2023,274422023_2023-09-04.pdf,originals/judgments/supreme_court_of_india/2539f70f18f28f32/274422023_2023-09-04.pdf,application/pdf,502060,English,,,,SCI Landmark Judgment; Subject: Guidelines to review preventive detention orders.
url:964adf234981ee3f3fb7bfa72f8e8e9e10225f3abcacdf29aaa3815613698b87,DR. JAYA THAKUR vs UNION OF INDIA W.P.(C) No. 456/2022,Supreme Court of India,judgment,India - Central,Supreme Court of India,11-07-2023,2023,,precedent/status verify,,2026-08-20,0d25be66f8c3c2c352996c57f48352d2ce7690a650112fbdd2fff741c6107078,https://www.sci.gov.in/sci-get-pdf/?diary_no=185922022&type=j&order_date=2023-07-11&from=latest_judgements_order,https://www.sci.gov.in/landmark-judgment-summaries/?judgment_year=2023,185922022_2023-07-11.pdf,originals/judgments/supreme_court_of_india/964adf234981ee3f/185922022_2023-07-11.pdf,application/pdf,613699,English,,,,SCI Landmark Judgment; Subject: Challenge to the extension of tenures granted to the Directors of the Enforcement Directorate and the Central Bureau of Investigation.
url:6f3763b89619d17ed15db4bd714d8e9c0ff41d167db5ad97c4da51bdbb34fcec,SUNDAR @ SUNDARRAJAN vs STATE BY INSPECTOR OF POLICE R.P.(Crl.) No. 159-160/2013 In Crl.A. No. 300-301/2011,Supreme Court of India,judgment,India - Central,Supreme Court of India,21-03-2023,2023,,precedent/status verify,,2026-08-20,b1721c693e101a2e5954f13e6403e5b7c219071c8e637c9d1da7621ce7adc1ca,https://www.sci.gov.in/sci-get-pdf/?diary_no=59382013&type=j&order_date=2023-03-21&from=latest_judgements_order,https://www.sci.gov.in/landmark-judgment-summaries/?judgment_year=2023,59382013_2023-03-21.pdf,originals/judgments/supreme_court_of_india/6f3763b89619d17e/59382013_2023-03-21.pdf,application/pdf,411989,English,,,,SCI Landmark Judgment; Subject: Significance of mitigating factors when awarding the death penalty.
url:f3dbac5d1a3fd4928529ea305f1112f6563b075b34728c0bcd5d466e62c97566,UNION OF INDIA . vs M/S. UNION CARBIDE CORPORATION CURATIVE PET(C) No. 345-347/2010 In R.P.(C) No. 229/1989 & 623-624/1989 In C.A. No. 3187-3188/1988 and SLP (C) No. 13080/1988,Supreme Court of India,judgment,India - Central,Supreme Court of India,14-03-2023,2023,,precedent/status verify,,2026-08-20,635ae4c9203062c03fac70a0e8736308de9218a6aad4727cfc0b0e289d0bf205,https://www.sci.gov.in/sci-get-pdf/?diary_no=601722010&type=j&order_date=2023-03-14&from=latest_judgements_order,https://www.sci.gov.in/landmark-judgment-summaries/?judgment_year=2023,601722010_2023-03-14.pdf,originals/judgments/supreme_court_of_india/f3dbac5d1a3fd492/601722010_2023-03-14.pdf,application/pdf,158873,English,,,,SCI Landmark Judgment; Subject: Plea to increase the amount of compensation for victims of the Bhopal Gas Tragedy.
url:aa5adc60fa3783cf419df7cbd796b6f8f9a91cab33703869988b41838b106d59,APARNA AJINKYA FIRODIA vs AJINKYA ARUN FIRODIA C.A. No. 1308/2023,Supreme Court of India,judgment,India - Central,Supreme Court of India,20-02-2023,2023,,precedent/status verify,,2026-08-20,8244ea1bae3a6fec14c3555e416682eefe54e095fd309db554399a676cb64431,https://www.sci.gov.in/sci-get-pdf/?diary_no=96912022&type=j&order_date=2023-02-20&from=latest_judgements_order,https://www.sci.gov.in/landmark-judgment-summaries/?judgment_year=2023,96912022_2023-02-20.pdf,originals/judgments/supreme_court_of_india/aa5adc60fa3783cf/96912022_2023-02-20.pdf,application/pdf,283547,English,,,,SCI Landmark Judgment; Subject: Challenge to DNA test on child to prove adultery.
url:4f7339382da2424662299b2fc7c73d30dd20dd736294ca2f2c73bb8aebfe56d4,JOSEPH SHINE vs UNION OF INDIA SECRETARY MA 2204/2020 in W.P.(Crl.) No. 194/2017,Supreme Court of India,judgment,India - Central,Supreme Court of India,31-01-2023,2023,,precedent/status verify,,2026-08-20,dc5f04a5d5bcb7632326265ce3a5a6859561a625cd39e195e09bb6ab1a77bb53,https://www.sci.gov.in/sci-get-pdf/?diary_no=243692020&type=j&order_date=2023-01-31&from=latest_judgements_order,https://www.sci.gov.in/landmark-judgment-summaries/?judgment_year=2023,243692020_2023-01-31.pdf,originals/judgments/supreme_court_of_india/4f7339382da24246/243692020_2023-01-31.pdf,application/pdf,90958,English,,,,SCI Landmark Judgment; Subject: Clarification regarding the applicability of the offence of adultery to the armed forces after the offence was declared unconstitutional.
url:4837bd5b7478e27315fd3f0f7c736c2169f01132fd7e9423f067ff2eff53f83e,V. SENTHIL BALAJI vs THE DEPUTY DIRECTOR Crl.A. No. 4011/2024,Supreme Court of India,judgment,India - Central,Supreme Court of India,26-09-2024,2024,,precedent/status verify,,2026-08-20,c9afe778389a3ccf66dc881462d7fdd014836676415a0d8972064c6b4063b13e,https://www.sci.gov.in/sci-get-pdf/?diary_no=127212024&type=j&order_date=2024-09-26&from=latest_judgements_order,https://www.sci.gov.in/landmark-judgment-summaries/?judgment_year=2024,127212024_2024-09-26.pdf,originals/judgments/supreme_court_of_india/4837bd5b7478e273/127212024_2024-09-26.pdf,application/pdf,778489,English,,,,SCI Landmark Judgment; Subject: Power of constitutional courts to grant bail for offences in statutes with stringent bail conditions
url:2ca5497c2b7d4cd55f93d3628262dd94eab3f48810a36b80f90b93a28017b6ec,JUST RIGHTS FOR CHILDREN ALLIANCE vs S. HARISH Crl.A. No. 2161-2162/2024,Supreme Court of India,judgment,India - Central,Supreme Court of India,23-09-2024,2024,,precedent/status verify,,2026-08-20,dce6b816e5c4c8be08c52e26f8dbf88795b9c9d55853dda0308d643419554ec1,https://www.sci.gov.in/sci-get-pdf/?diary_no=85622024&type=j&order_date=2024-09-23&from=latest_judgements_order,https://www.sci.gov.in/landmark-judgment-summaries/?judgment_year=2024,85622024_2024-09-23.pdf,originals/judgments/supreme_court_of_india/2ca5497c2b7d4cd5/85622024_2024-09-23.pdf,application/pdf,1455761,English,,,,"SCI Landmark Judgment; Subject: Whether viewing child sexual exploitation and abuse material is punishable under the Protection of Children from Sexual Offences Act, 2012"
url:0693e936534792e994d89fdff1267e74cf2ffe302be1002b1c6adaa84cb99c3c,ARVIND KEJRIWAL vs CENTRAL BUREAU OF INVESTIGATION Crl.A. No. 3816/2024,Supreme Court of India,judgment,India - Central,Supreme Court of India,13-09-2024,2024,,precedent/status verify,,2026-08-20,48fac9a93bbf0f43e90d4ba42d26576f9a2aa3c4609ed297bb1d2b703ac3e4cc,https://www.sci.gov.in/sci-get-pdf/?diary_no=362312024&type=j&order_date=2024-09-13&from=latest_judgements_order,https://www.sci.gov.in/landmark-judgment-summaries/?judgment_year=2024,362312024_2024-09-13.pdf,originals/judgments/supreme_court_of_india/0693e936534792e9/362312024_2024-09-13.pdf,application/pdf,737951,English,,,,SCI Landmark Judgment; Subject: Whether the arrest of Mr. Arvind Kejriwal was legal and is he entitled to bail in the CBI case
url:7a20799b3c1e6095cbd2cd5b58c2f0bc824ceca3d5cca9a2da0d1643b1453bd2,SHAJAN SKARIA vs THE STATE OF KERALA Crl.A. No. 2622/2024,Supreme Court of India,judgment,India - Central,Supreme Court of India,23-08-2024,2024,,precedent/status verify,,2026-08-20,cbad58a59c403afdb38debe53549a26d7837385adfe9164485576a2c5265ea25,https://www.sci.gov.in/sci-get-pdf/?diary_no=260152023&type=j&order_date=2024-08-23&from=latest_judgements_order,https://www.sci.gov.in/landmark-judgment-summaries/?judgment_year=2024,260152023_2024-08-23.pdf,originals/judgments/supreme_court_of_india/7a20799b3c1e6095/260152023_2024-08-23.pdf,application/pdf,639795,English,,,,SCI Landmark Judgment; Subject: Extent of bar against the grant of anticipatory bail in SC/ST offences
url:00a80c73b59641836b4de90531c6e02af2ded7a743576ec11bb85a685c7ecea9,"IN RE: ALLEGED RAPE AND MURDER INCIDENT OF A TRAINEE DOCTOR IN R.G. KAR MEDICAL COLLEGE AND HOSPITAL, KOLKATA AND RELATED ISSUES vs SMW(Crl) No. 2/2024",Supreme Court of India,judgment,India - Central,Supreme Court of India,20-08-2024,2024,,precedent/status verify,,2026-08-20,dca19c033daa1b407beb3e75ab1b38b36f2484f4bb332b762e4e896501d5a632,https://www.sci.gov.in/sci-get-pdf/?diary_no=373512024&type=j&order_date=2024-08-20&from=latest_judgements_order,https://www.sci.gov.in/landmark-judgment-summaries/?judgment_year=2024,373512024_2024-08-20.pdf,originals/judgments/supreme_court_of_india/00a80c73b5964183/373512024_2024-08-20.pdf,application/pdf,276090,English,,,,SCI Landmark Judgment; Subject: Urgent need to formulate institutional safety measures for medical professionals following the murder and alleged rape of a doctor in Kolkata.
url:ccb54f6f9cc205932fa856a71690b49845bdf637da95be2f250e416ffe5179b2,IN RE: RIGHT TO PRIVACY OF ADOLESCENTS vs SMW(C) No. 3/2023,Supreme Court of India,judgment,India - Central,Supreme Court of India,20-08-2024,2024,,precedent/status verify,,2026-08-20,4d06c9ff97b42e17f833fda98567adffd5a26e99c5fc14cc2e2186692fdd7317,https://www.sci.gov.in/sci-get-pdf/?diary_no=512082023&type=j&order_date=2024-08-20&from=latest_judgements_order,https://www.sci.gov.in/landmark-judgment-summaries/?judgment_year=2024,512082023_2024-08-20.pdf,originals/judgments/supreme_court_of_india/ccb54f6f9cc20593/512082023_2024-08-20.pdf,application/pdf,457005,English,,,,SCI Landmark Judgment; Subject: Use of judicial discretion when quashing rape conviction under IPC and POCSO
url:c27f89d67e8c6777ec4eda44fb862fe2c3c20773b913dc7c9a3e649abd13da5b,MANISH SISODIA vs DIRECTORATE OF ENFORCEMENT Crl.A. No. 3295/2024,Supreme Court of India,judgment,India - Central,Supreme Court of India,09-08-2024,2024,,precedent/status verify,,2026-08-20,73fd634d914f123b9bc97a88a21e2c8d02086e679527e995ce4f6b9dce432a66,https://www.sci.gov.in/sci-get-pdf/?diary_no=292662024&type=j&order_date=2024-08-09&from=latest_judgements_order,https://www.sci.gov.in/landmark-judgment-summaries/?judgment_year=2024,292662024_2024-08-09.pdf,originals/judgments/supreme_court_of_india/c27f89d67e8c6777/292662024_2024-08-09.pdf,application/pdf,297467,English,,,,SCI Landmark Judgment; Subject: Whether Manish Sisodia is entitled to bail due to prolonged incarceration and delay in trial
url:347b41909cd518f3a22f3d8f6048179547af66295c96be4c9dcc7f8e1d18b4d2,GAURAV KUMAR vs UNION OF INDIA W.P.(C) No. 352/2023,Supreme Court of India,judgment,India - Central,Supreme Court of India,30-07-2024,2024,,precedent/status verify,,2026-08-20,0aa51275ec2004dbb2ce527a48631e3155334d38840f68b70b06dd0e62d54518,https://www.sci.gov.in/sci-get-pdf/?diary_no=84092023&type=j&order_date=2024-07-30&from=latest_judgements_order,https://www.sci.gov.in/landmark-judgment-summaries/?judgment_year=2024,84092023_2024-07-30.pdf,originals/judgments/supreme_court_of_india/347b41909cd518f3/84092023_2024-07-30.pdf,application/pdf,444663,English,,,,SCI Landmark Judgment; Subject: Whether State Bar Councils can charge a higher enrollment fees than set out in the Advocates Act.
url:6db2e3b34e80a5c7d2a10f61b2a605c622c48c74920b40070062c24520d931ef,ARVIND KEJRIWAL vs DIRECTORATE OF ENFORCEMENT Crl.A. No. 2493/2024,Supreme Court of India,judgment,India - Central,Supreme Court of India,12-07-2024,2024,,precedent/status verify,,2026-08-20,24f8084eb66e3be2b187f73b05f176729ab25b078aa051d0df6aed4e9ddb1421,https://www.sci.gov.in/sci-get-pdf/?diary_no=163502024&type=j&order_date=2024-07-12&from=latest_judgements_order,https://www.sci.gov.in/landmark-judgment-summaries/?judgment_year=2024,163502024_2024-07-12.pdf,originals/judgments/supreme_court_of_india/6db2e3b34e80a5c7/163502024_2024-07-12.pdf,application/pdf,478099,English,,,,SCI Landmark Judgment; Subject: Challenging the validity of the arrest of Chief Minister of Delhi
url:7b1c763258c74bc92ad44167f917f9a8ea1bbec26dde5942a7463fc74eb50dd0,FRANK VITUS vs NARCOTICS CONTROL BUREAU Crl.A. No. 2814-2815/2024,Supreme Court of India,judgment,India - Central,Supreme Court of India,08-07-2024,2024,,precedent/status verify,,2026-08-20,66db2c31842f3d92a390acc7818cda6943e600446b54726e191bbd99b541263d,https://www.sci.gov.in/sci-get-pdf/?diary_no=66872023&type=j&order_date=2024-07-08&from=latest_judgements_order,https://www.sci.gov.in/landmark-judgment-summaries/?judgment_year=2024,66872023_2024-07-08.pdf,originals/judgments/supreme_court_of_india/7b1c763258c74bc9/66872023_2024-07-08.pdf,application/pdf,776703,English,,,,SCI Landmark Judgment; Subject: Whether an accused can be required to share their location on Google Maps as a bail condition.
url:d669c1f565bb352fc699105a55e362fec7f65e6d6483d93119857e7e1dfabb3a,PRABIR PURKAYASTHA vs STATE (NCT OF DELHI) Crl.A. No. 2577/2024,Supreme Court of India,judgment,India - Central,Supreme Court of India,15-05-2024,2024,,precedent/status verify,,2026-08-20,282e4819e598bcc4f9af5f277b950b4301727cc3eae76b4e080f1ad024ab53cb,https://www.sci.gov.in/sci-get-pdf/?diary_no=428962023&type=j&order_date=2024-05-15&from=latest_judgements_order,https://www.sci.gov.in/landmark-judgment-summaries/?judgment_year=2024,428962023_2024-05-15.pdf,originals/judgments/supreme_court_of_india/d669c1f565bb352f/428962023_2024-05-15.pdf,application/pdf,578651,English,,,,"SCI Landmark Judgment; Subject: Challenge to arrest under Unlawful Activities (Prevention) Act, 1967 and need to inform accused of grounds of arrest in writing."
url:87c73af94b60640102774d5151f4fcf166d86de56a3a6883f905c9026af29ef5,ARVIND KEJRIWAL vs DIRECTORATE OF ENFORCEMENT Crl.A. No. 2493/2024,Supreme Court of India,judgment,India - Central,Supreme Court of India,10-05-2024,2024,,precedent/status verify,,2026-08-20,002a56f3c8800499c56a7c611a328607a19ade58cc65b82a29f331683ea886be,https://www.sci.gov.in/sci-get-pdf/?diary_no=163502024&type=j&order_date=2024-05-10&from=latest_judgements_order,https://www.sci.gov.in/landmark-judgment-summaries/?judgment_year=2024,163502024_2024-05-10.pdf,originals/judgments/supreme_court_of_india/87c73af94b606401/163502024_2024-05-10.pdf,application/pdf,137062,English,,,,SCI Landmark Judgment; Subject: Interim bail for the Chief Minister of Delhi.
url:d5cc203a32cf1ea782fbe31914a3d5476ca5c26772e124ebc85caab1bc511060,SHARIF AHMAD vs THE STATE OF UTTAR PRADESH HOME DEPARTMENT SECRETARY Crl.A. No. 2357/2024,Supreme Court of India,judgment,India - Central,Supreme Court of India,01-05-2024,2024,,precedent/status verify,,2026-08-20,adcc407abdcc5f79d740e372ac68f9e2849771a77a5fce0462db332f1d3c6595,https://www.sci.gov.in/sci-get-pdf/?diary_no=38732017&type=j&order_date=2024-05-01&from=latest_judgements_order,https://www.sci.gov.in/landmark-judgment-summaries/?judgment_year=2024,38732017_2024-05-01.pdf,originals/judgments/supreme_court_of_india/d5cc203a32cf1ea7/38732017_2024-05-01.pdf,application/pdf,394515,English,,,,"SCI Landmark Judgment; Subject: When is a chargesheet complete under the Code of Criminal Procedure, 1973."
url:cb90962a051f5377229e0460a7785ccff4873fb8d5c6c5e90ff184d10ab81ccd,NAVAS @ MULANAVAS vs STATE OF KERALA Crl.A. No. 1215/2011,Supreme Court of India,judgment,India - Central,Supreme Court of India,18-03-2024,2024,,precedent/status verify,,2026-08-20,dfd7c5aeeeb3dec829741322f18b200070ced0465f94d7794d3cebfd67a1358d,https://www.sci.gov.in/sci-get-pdf/?diary_no=176072010&type=j&order_date=2024-03-18&from=latest_judgements_order,https://www.sci.gov.in/landmark-judgment-summaries/?judgment_year=2024,176072010_2024-03-18.pdf,originals/judgments/supreme_court_of_india/cb90962a051f5377/176072010_2024-03-18.pdf,application/pdf,472365,English,,,,SCI Landmark Judgment; Subject: Suitable term of imprisonment for murder.
url:641f7de56b2194d25d0b92f2229a26cb71878ab6950df0855f545191fed73c45,JAVED AHMAD HAJAM vs THE STATE OF MAHARASHTRA Crl.A. No. 886/2024,Supreme Court of India,judgment,India - Central,Supreme Court of India,07-03-2024,2024,,precedent/status verify,,2026-08-20,096f5279a884ffe7310e401fd466bc388509ef7bc212bb203f769003ccaaf12c,https://www.sci.gov.in/sci-get-pdf/?diary_no=203592023&type=j&order_date=2024-03-07&from=latest_judgements_order,https://www.sci.gov.in/landmark-judgment-summaries/?judgment_year=2024,203592023_2024-03-07.pdf,originals/judgments/supreme_court_of_india/641f7de56b2194d2/203592023_2024-03-07.pdf,application/pdf,386110,English,,,,SCI Landmark Judgment; Subject: Quashing of criminal proceedings against individual for WhatsApp status critical of government policy.
url:cd7725929c7dd1413428f12d4a2db2874aa8a29f2a04bd240f5210edfcd79fee,BILKIS YAKUB RASOOL vs UNION OF INDIA W.P.(Crl.) No. 491/2022,Supreme Court of India,judgment,India - Central,Supreme Court of India,08-01-2024,2024,,precedent/status verify,,2026-08-20,fc22e38974c8f631c4114a215b0c226cfbfee7d818ba78a936fc2cc20b294b01,https://www.sci.gov.in/sci-get-pdf/?diary_no=387412022&type=j&order_date=2024-01-08&from=latest_judgements_order,https://www.sci.gov.in/landmark-judgment-summaries/?judgment_year=2024,387412022_2024-01-08.pdf,originals/judgments/supreme_court_of_india/cd7725929c7dd141/387412022_2024-01-08.pdf,application/pdf,1365112,English,,,,SCI Landmark Judgment; Subject: Challenge to the remission orders passed by the State of Gujarat releasing individuals convicted of gang rape during communal rights.
url:00c53297ea9eec48620d12a71cfd6f9f85d001fc5543d379585d624d9afe8bba,VISHAL TIWARI vs UNION OF INDIA W.P.(C) No. 162/2023,Supreme Court of India,judgment,India - Central,Supreme Court of India,03-01-2024,2024,,precedent/status verify,,2026-08-20,0e1d539768e51c81ffdedd9d2bf296e4d02158d19547397a96ec5a7c71dab1b9,https://www.sci.gov.in/sci-get-pdf/?diary_no=53542023&type=j&order_date=2024-01-03&from=latest_judgements_order,https://www.sci.gov.in/landmark-judgment-summaries/?judgment_year=2024,53542023_2024-01-03.pdf,originals/judgments/supreme_court_of_india/00c53297ea9eec48/53542023_2024-01-03.pdf,application/pdf,415650,English,,,,SCI Landmark Judgment; Subject: Plea challenging SEBI's investigation into the Adani Group and seeking constitution of Special Investigation Team (SIT).
url:fe7fdab7887b83c8755a3ea71f2981c3744d55f83beaeec9a00232f34a5a0a14,MIHIR RAJESH SHAH vs THE STATE OF MAHARASHTRA Crl.A. No. 2195/2025,Supreme Court of India,judgment,India - Central,Supreme Court of India,06-11-2025,2025,,precedent/status verify,,2026-08-20,aae165ec977e3d511c54c62c556ea925bc2e66d974f0d5fa3fe5f84f66254970,https://www.sci.gov.in/sci-get-pdf/?diary_no=563212024&type=j&order_date=2025-11-06&from=latest_judgements_order,https://www.sci.gov.in/landmark-judgment-summaries/?judgment_year=2025,563212024_2025-11-06.pdf,originals/judgments/supreme_court_of_india/fe7fdab7887b83c8/563212024_2025-11-06.pdf,application/pdf,425462,English,,,,SCI Landmark Judgment; Subject: Grounds of arrest must be communicated to the arrestee under all statutes
url:a12912acad51c68b876d63bcc28ec99e90e5d66272234f70b90d0457403d66fa,POONAM vs DULE SINGH SLP(C) No. 12000/2025,Supreme Court of India,judgment,India - Central,Supreme Court of India,06-11-2025,2025,,precedent/status verify,,2026-08-20,3192914835e073e51a5430df7a75dadd7b0a37856b895dc716f31de67e17feb2,https://www.sci.gov.in/sci-get-pdf/?diary_no=213952025&type=j&order_date=2025-11-06&from=latest_judgements_order,https://www.sci.gov.in/landmark-judgment-summaries/?judgment_year=2025,213952025_2025-11-06.pdf,originals/judgments/supreme_court_of_india/a12912acad51c68b/213952025_2025-11-06.pdf,application/pdf,438951,English,,,,SCI Landmark Judgment; Subject: Effect of non disclosure of criminal antecedents in an election affidavit
url:a00c03bc1fed33ae8c330dc533c38cd321936d32eefac6119e6d7c84d89b7f87,IN RE : SUMMONING ADVOCATES WHO GIVE LEGAL OPINION OR REPRESENT PARTIES DURING INVESTIGATION OF CASES AND RELATED ISSUES vs SMW(Crl) No. 2/2025,Supreme Court of India,judgment,India - Central,Supreme Court of India,31-10-2025,2025,,precedent/status verify,,2026-08-20,dc3ebeb8a41d1825c0ddb9d86669a9b412f1e82107bf96ee6e74959da1bd6eb3,https://www.sci.gov.in/sci-get-pdf/?diary_no=356192025&type=j&order_date=2025-10-31&from=latest_judgements_order,https://www.sci.gov.in/landmark-judgment-summaries/?judgment_year=2025,356192025_2025-10-31.pdf,originals/judgments/supreme_court_of_india/a00c03bc1fed33ae/356192025_2025-10-31.pdf,application/pdf,706919,English,,,,SCI Landmark Judgment; Subject: Whether an investigating agency can summon an advocate representing a party and the scope of legal professional privilege for external and in-house counsel.
url:38c52c99eb6c7f58e5166a3f6ead9971ef71555b148376407d0bf3deb2fb73aa,IMRAN PRATAPGADHI vs STATE OF GUJARAT Crl.A. No. 1545/2025,Supreme Court of India,judgment,India - Central,Supreme Court of India,28-03-2025,2025,,precedent/status verify,,2026-08-20,9952427d7fc8caedc36c06b39cd5ca0aacbac2ed805a053f30a30e426abce52b,https://www.sci.gov.in/sci-get-pdf/?diary_no=35112025&type=j&order_date=2025-03-28&from=latest_judgements_order,https://www.sci.gov.in/landmark-judgment-summaries/?judgment_year=2025,35112025_2025-03-28.pdf,originals/judgments/supreme_court_of_india/38c52c99eb6c7f58/35112025_2025-03-28.pdf,application/pdf,776473,English,,,,"SCI Landmark Judgment; Subject: Posting a poem promoting sacrifice and non-violence does not attract offences under Sections 196, 197, 299, 302, or 57 BNS; FIR registration in such cases is abuse of law."
url:0ba6f848b34b89ad0cc1037d008b0b56bc382bc4d758ab750e82d1318079dd97,RADHIKA AGARWAL vs UNION OF INDIA W.P.(Crl.) No. 336/2018,Supreme Court of India,judgment,India - Central,Supreme Court of India,27-02-2025,2025,,precedent/status verify,,2026-08-20,e41cd81de20dd0272bed6fb224acd34c514bc644b4f9f5ff92483cca0e91eb9f,https://www.sci.gov.in/sci-get-pdf/?diary_no=466162018&type=j&order_date=2025-02-27&from=latest_judgements_order,https://www.sci.gov.in/landmark-judgment-summaries/?judgment_year=2025,466162018_2025-02-27.pdf,originals/judgments/supreme_court_of_india/0ba6f848b34b89ad/466162018_2025-02-27.pdf,application/pdf,856464,English,,,,SCI Landmark Judgment; Subject: Constitutional validity and mandatory preconditions for the exercise of the power of arrest under the Customs Act and the GST Act
url:95109d2c3ab8cc7b5096a94aaf432f9c03135d456113d95182e56536aace174e,VIHAAN KUMAR vs THE STATE OF HARYANA Crl.A. No. 621/2025,Supreme Court of India,judgment,India - Central,Supreme Court of India,07-02-2025,2025,,precedent/status verify,,2026-08-20,5816c58357293c34e92f3e4a99baeb24a9ef4f4d1de757f902efd61fab872f74,https://www.sci.gov.in/sci-get-pdf/?diary_no=432932024&type=j&order_date=2025-02-07&from=latest_judgements_order,https://www.sci.gov.in/landmark-judgment-summaries/?judgment_year=2025,432932024_2025-02-07.pdf,originals/judgments/supreme_court_of_india/95109d2c3ab8cc7b/432932024_2025-02-07.pdf,application/pdf,329620,English,,,,SCI Landmark Judgment; Subject: Consequence of not informing grounds of arrest
url:7d7e2c42c5ad7572a7ece098c20e9f283ab3f863806df17e999f103e7d19175e,IN RE: ORDER DATED 17.03.2025 PASSED BY THE HIGH COURT OF JUDICATURE AT ALLAHABAD IN CRIMINAL REVISION NO. 1449/2024 AND ANCILLARY ISSUES vs SMW(Crl) No. 1/2025,Supreme Court of India,judgment,India - Central,Supreme Court of India,10-02-2026,2026,,precedent/status verify,,2026-08-20,b1728107929ca3c751b63bd16ca1af2b5265cc7e5d4abfba46d1d4b5f9478273,https://www.sci.gov.in/sci-get-pdf/?diary_no=156812025&type=j&order_date=2026-02-10&from=latest_judgements_order,https://www.sci.gov.in/landmark-judgment-summaries/?judgment_year=2026,156812025_2026-02-10.pdf,originals/judgments/supreme_court_of_india/7d7e2c42c5ad7572/156812025_2026-02-10.pdf,application/pdf,142577,English,,,,SCI Landmark Judgment; Subject: Constitution of a Committee of Experts for developing guidelines to inculcate sensitivity and compassion into judicial approach while dealing with matters involving sexual offences
url:0859adfd0812c1b03a5acb43b63e8efcf1e10c13a6a0de5b424dce0e07c8da04,"Evidence of Officers about forged stamps, currency notes etc. Section 509-A Cr. P.C. as proposed. 1963 Accessible_(PDF 602KB)",Law Commission of India,law_commission_report,India - Central,,,1963,,current/verify,,2026-08-20,4fc9c27d14d3d26c80df40305ae144e28348b33badce01be4db30a56180b2120,https://cdnbbsr.s3waas.gov.in/s3ca0daec69b5adc880fb464895726dbdf/uploads/2022/08/2022080516.pdf,https://lawcommissionofindia.nic.in/cat_code_of_criminal_procedure/,2022080516.pdf,originals/government/cdnbbsr.s3waas.gov.in/0859adfd0812c1b0/2022080516.pdf,application/pdf,617411,English,,,,Official Government of India source page
url:1b2e84bb7be812e737336aa9ae253b62b22b6f7199b25ad1c8707fcd6aa00f86,"Section 9 of the Code of Criminal Procedure, 1898 – Appointment of Sessions Judges, Additional Session Judges and Assistant Sessions Judges 1967 Accessible_(PDF 2.40MB)",Law Commission of India,law_commission_report,India - Central,,,1898,,current/verify,,2026-08-20,6ba36a8f94d92183de30137f3e1441f0fd8163ff9dbd6d562391f2d7fde63059,https://cdnbbsr.s3waas.gov.in/s3ca0daec69b5adc880fb464895726dbdf/uploads/2022/08/2022080525-1.pdf,https://lawcommissionofindia.nic.in/cat_code_of_criminal_procedure/,2022080525-1.pdf,originals/government/cdnbbsr.s3waas.gov.in/1b2e84bb7be812e7/2022080525-1.pdf,application/pdf,2523786,English,,,,Official Government of India source page
url:94db41d55c46968a2465f95dd51beac0a984d4ecb6a943291fcab9072706e8da,"Section 44, Code of Criminal Procedure, 1898 1967 Accessible_(PDF 2.81MB)",Law Commission of India,law_commission_report,India - Central,,,1898,,current/verify,,2026-08-20,bfaa79c1171c915eeb08281e3299ae994c7e69fa4a53a91eeb4c6e93d936158e,https://cdnbbsr.s3waas.gov.in/s3ca0daec69b5adc880fb464895726dbdf/uploads/2022/08/2022080565.pdf,https://lawcommissionofindia.nic.in/cat_code_of_criminal_procedure/,2022080565.pdf,originals/government/cdnbbsr.s3waas.gov.in/94db41d55c46968a/2022080565.pdf,application/pdf,2955997,English,,,,Official Government of India source page
url:b1a00990d34005e9eaaf7f7a5aed7d33c548e738828e3cc67af82ba762573de0,"Sections 497, 498 and 499 of the Code of Criminal Procedure, 1898 – Grant of bail with condition 1967 Accessible_(PDF 1.30MB)",Law Commission of India,law_commission_report,India - Central,,,1898,,current/verify,,2026-08-20,f560cb276f3fbb1d5e263a99085a0acf118b1c38f31a731aa3ccc98acb8e8f0d,https://cdnbbsr.s3waas.gov.in/s3ca0daec69b5adc880fb464895726dbdf/uploads/2022/08/2022080542.pdf,https://lawcommissionofindia.nic.in/cat_code_of_criminal_procedure/,2022080542.pdf,originals/government/cdnbbsr.s3waas.gov.in/b1a00990d34005e9/2022080542.pdf,application/pdf,1364412,English,,,,Official Government of India source page
url:73d093452c783a694d8c74b459c176a3a6355d7c6f57f6ae337770e513ebee43,"The Code of Criminal Procedure, 1898 (Sections 1 to 176) 1967 Accessible_(PDF 6.47MB)",Law Commission of India,law_commission_report,India - Central,,,1898,,current/verify,,2026-08-20,7b405f5f567cf2a89f395c46218d7f33c4ae4322f792d1dc37f6fbcb02a0fd18,https://cdnbbsr.s3waas.gov.in/s3ca0daec69b5adc880fb464895726dbdf/uploads/2022/08/2022080874-1.pdf,https://lawcommissionofindia.nic.in/cat_code_of_criminal_procedure/,2022080874-1.pdf,originals/government/cdnbbsr.s3waas.gov.in/73d093452c783a69/2022080874-1.pdf,application/pdf,6791102,English,,,,Official Government of India source page
url:ef85d93204613791c7402fa4e61672fc439c91f1b8a66ccc58ca79882391e566,"The Code of Criminal Procedure, 1898 1996 Accessible_(PDF 8.24MB)",Law Commission of India,law_commission_report,India - Central,,,1898,,current/verify,,2026-08-20,1045a72ee88f1f140ef0e955618af1fc566fd8115aad1c4eccd3b9aa48002abc,https://cdnbbsr.s3waas.gov.in/s3ca0daec69b5adc880fb464895726dbdf/uploads/2022/08/2022082436.pdf,https://lawcommissionofindia.nic.in/cat_code_of_criminal_procedure/,2022082436.pdf,originals/government/cdnbbsr.s3waas.gov.in/ef85d93204613791/2022082436.pdf,application/pdf,8642509,English,,,,Official Government of India source page
url:80318052b0e0d463ac6d61d0bbd3f4ab7e0a9a98b8650683cfafb8891474f9d0,"Some questions under Code of Criminal Procedure Bill, 1970 1972 Accessible_(PDF 1.24MB)",Law Commission of India,law_commission_report,India - Central,,,1970,,current/verify,,2026-08-20,5151a80e88c48fb8c79b5091e7d0208f730d2a5687bdbc804c0682110bee8117,https://cdnbbsr.s3waas.gov.in/s3ca0daec69b5adc880fb464895726dbdf/uploads/2022/08/2022080532-1.pdf,https://lawcommissionofindia.nic.in/cat_code_of_criminal_procedure/,2022080532-1.pdf,originals/government/cdnbbsr.s3waas.gov.in/80318052b0e0d463/2022080532-1.pdf,application/pdf,1301557,English,,,,Official Government of India source page
url:5083f1118c3ed3e629b6656da3e77811cfbfb6b3305c4824ebf10702334e406e,Congestion of under trial prisoners in jails 1979 Accessible_(PDF 3.49MB),Law Commission of India,law_commission_report,India - Central,,,1979,,current/verify,,2026-08-20,e4b3031130fd9b7d1ad4a73bad7a3e7865687a9e81ba5386be1651e289813ef4,https://cdnbbsr.s3waas.gov.in/s3ca0daec69b5adc880fb464895726dbdf/uploads/2022/08/2022080559-2.pdf,https://lawcommissionofindia.nic.in/cat_code_of_criminal_procedure/,2022080559-2.pdf,originals/government/cdnbbsr.s3waas.gov.in/5083f1118c3ed3e6/2022080559-2.pdf,application/pdf,3662381,English,,,,Official Government of India source page
url:8d4bff76cc0ed3d6ecc246ee71551e77b34bca0b668bd278ca499d0121370b4f,"(*common) Rape and allied offences – some questions of substantive law, procedure and evidence 1980 Accessible_(PDF 4.61MB)",Law Commission of India,law_commission_report,India - Central,,,1980,,current/verify,,2026-08-20,1f59bce5606ca2b37ac608423ece70c4fab787f2e845d6056184ead38ab93c76,https://cdnbbsr.s3waas.gov.in/s3ca0daec69b5adc880fb464895726dbdf/uploads/2022/08/2022080544.pdf,https://lawcommissionofindia.nic.in/cat_code_of_criminal_procedure/,2022080544.pdf,originals/government/cdnbbsr.s3waas.gov.in/8d4bff76cc0ed3d6/2022080544.pdf,application/pdf,4835979,English,,,,Official Government of India source page
url:da16d7236cf7c815649d8e61129c44f6d9d5c7e30a43f1060ad65c3ad0d3f9af,"Section 122(1) of the Code of Criminal Procedure, 1973: imprisonment for breach of bond for keeping the peace with sureties 1984 Accessible_(PDF 720KB)",Law Commission of India,law_commission_report,India - Central,,,1973,,current/verify,,2026-08-20,67fb38ba5ed31bb854f94d6ef71d6fc88f164830a44c04085a0454b865d39ac7,https://cdnbbsr.s3waas.gov.in/s3ca0daec69b5adc880fb464895726dbdf/uploads/2022/08/2022080833.pdf,https://lawcommissionofindia.nic.in/cat_code_of_criminal_procedure/,2022080833.pdf,originals/government/cdnbbsr.s3waas.gov.in/da16d7236cf7c815/2022080833.pdf,application/pdf,737831,English,,,,Official Government of India source page
url:c92386a727b16c11ff79893812b9ae33129d8edfb4ce8ec1c6bad83ed73eb071,"Need for Amendment of the Provisions of the Chapter IX of the Code of Criminal Procedure, 1973 in order to ameliorate the hardship and mitigate the distress of Neglected Women, Children and Parents 1989 Accessible_(PDF 4.96MB) | Accessible_Hindi(PDF 5.12MB)",Law Commission of India,order,India - Central,,,1973,,current/verify,,2026-08-20,27f5bc5e14eea1da6ae0f6d56fe0674eff79ed9c5818410805c8a32472945b54,https://cdnbbsr.s3waas.gov.in/s3ca0daec69b5adc880fb464895726dbdf/uploads/2022/08/2022080820-1.pdf,https://lawcommissionofindia.nic.in/cat_code_of_criminal_procedure/,2022080820-1.pdf,originals/government/cdnbbsr.s3waas.gov.in/c92386a727b16c11/2022080820-1.pdf,application/pdf,5208861,English,,,,Official Government of India source page
url:aa4aa67120b787890df21a86797084e4884cdf66e38edc9cb2beaa77c529fd77,Women in Custody 1989 Accessible_(PDF 6.00MB) | Accessible_Hindi(PDF 7.86MB),Law Commission of India,law_commission_report,India - Central,,,1989,,current/verify,,2026-08-20,2202ff4f84121a903ea0acfd266ddf7a92382d2fd6ef5540212a75d970e71031,https://cdnbbsr.s3waas.gov.in/s3ca0daec69b5adc880fb464895726dbdf/uploads/2022/08/2022080837-1.pdf,https://lawcommissionofindia.nic.in/cat_code_of_criminal_procedure/,2022080837-1.pdf,originals/government/cdnbbsr.s3waas.gov.in/aa4aa67120b78789/2022080837-1.pdf,application/pdf,6301676,English,,,,Official Government of India source page
url:711d4fa2ab45d2c7c4953816e6e6dd97ccd8e2f66184f7e494dbe4c32ade2556,Need for amending the law as regards power of courts to restore criminal revisional applications and criminal cases dismissed for default in appearance 1991 Accessible_(PDF 3.72MB) | Accessible_Hindi(PDF 8.09MB),Law Commission of India,law_commission_report,India - Central,,,1991,,current/verify,,2026-08-20,2fc987e6d3d5a840e716b83f4188260e5464b07e6368b4f1736088b71ba6c473,https://cdnbbsr.s3waas.gov.in/s3ca0daec69b5adc880fb464895726dbdf/uploads/2022/08/2022080824-2.pdf,https://lawcommissionofindia.nic.in/cat_code_of_criminal_procedure/,2022080824-2.pdf,originals/government/cdnbbsr.s3waas.gov.in/711d4fa2ab45d2c7/2022080824-2.pdf,application/pdf,3948507,English,,,,Official Government of India source page
url:d96f914be164344db2b27afd4970e8a76cf4320666d9cbebac60f462ec47c9ce,"The Code of Criminal Procedure, 1973 (Act No.2 of 1974) 1996 Accessible_Vol_01(PDF 4.15MB) | Accessible_Vol_02(PDF 3.42MB)",Law Commission of India,act,India - Central,,,1973,,current/verify,,2026-08-20,52e1552d2f0dcfa43ad74cdb01f83a8485a8ded5662cb06bd3f66012af363d13,https://cdnbbsr.s3waas.gov.in/s3ca0daec69b5adc880fb464895726dbdf/uploads/2022/08/2022080878-1.pdf,https://lawcommissionofindia.nic.in/cat_code_of_criminal_procedure/,2022080878-1.pdf,originals/government/cdnbbsr.s3waas.gov.in/d96f914be164344d/2022080878-1.pdf,application/pdf,4359201,English,,,,Official Government of India source page
url:12a4e168826ec9457ebe849ed3f6767385ea1758b3bf662d5e165f393fa70200,"The Code of Criminal Procedure, 1973 (Act No.2 of 1974) 1996 Accessible_Vol_01(PDF 4.15MB) | Accessible_Vol_02(PDF 3.42MB)",Law Commission of India,act,India - Central,,,1973,,current/verify,,2026-08-20,9c50c0600c57852917d17ecff8cb757824093f1582ce9d835f8a0b7ed7f89916,https://cdnbbsr.s3waas.gov.in/s3ca0daec69b5adc880fb464895726dbdf/uploads/2022/08/2022081087.pdf,https://lawcommissionofindia.nic.in/cat_code_of_criminal_procedure/,2022081087.pdf,originals/government/cdnbbsr.s3waas.gov.in/12a4e168826ec945/2022081087.pdf,application/pdf,3590792,English,,,,Official Government of India source page
url:fae66d9cf5dc6e44724c6278f02fbfe08f1dc60143e018828f490f3ddada51af,"Section 438 of the Code of Criminal Procedure, 1973 as Amended by the Code of Criminal Procedure (Amendment) Act, 2005 (Anticipatory Bail) 2007 Accessible_(PDF 423KB) | Accessible_Hindi(PDF 5.11MB)",Law Commission of India,act,India - Central,,,1973,,current/verify,,2026-08-20,5f54bd100f40f95b4b433121258c8c763e1b9af50a9916312b39535ca6f8f287,https://cdnbbsr.s3waas.gov.in/s3ca0daec69b5adc880fb464895726dbdf/uploads/2022/08/2022081079-1.pdf,https://lawcommissionofindia.nic.in/cat_code_of_criminal_procedure/,2022081079-1.pdf,originals/government/cdnbbsr.s3waas.gov.in/fae66d9cf5dc6e44/2022081079-1.pdf,application/pdf,433766,English,,,,Official Government of India source page
url:6db2e7ab42b0713cbd98b7d032cd5cfc6801096ff2ca4dc9835527ea80fae933,Amendment of Code of Criminal Procedure Enabling Restoration of Complaints 2009 Accessible_(PDF 183KB) | Accessible_Hindi(PDF 677KB),Law Commission of India,law_commission_report,India - Central,,,2009,,current/verify,,2026-08-20,f610d7de5ea3133fde191eefc5e928852584a1ecb10187cab56aa281ac0a82d1,https://cdnbbsr.s3waas.gov.in/s3ca0daec69b5adc880fb464895726dbdf/uploads/2022/08/2022081038-3.pdf,https://lawcommissionofindia.nic.in/cat_code_of_criminal_procedure/,2022081038-3.pdf,originals/government/cdnbbsr.s3waas.gov.in/6db2e7ab42b0713c/2022081038-3.pdf,application/pdf,187413,English,,,,Official Government of India source page
url:c676617a3dcef453e90924eaea6b1ace1f4ac1139b565f8649fdac2b1055a0cf,239(*PART) Expeditious Investigation and Trial of Criminal Cases Against Influential Public Personalities 2012 Accessible_(PDF 267KB) | Accessible_Hindi(PDF 193KB),Law Commission of India,law_commission_report,India - Central,,,2012,,current/verify,,2026-08-20,34bb9342ce3f6577f3a16991b9b572caf573e253471d6ce3c0c6537f613da0c1,https://cdnbbsr.s3waas.gov.in/s3ca0daec69b5adc880fb464895726dbdf/uploads/2022/08/2022081021-2.pdf,https://lawcommissionofindia.nic.in/cat_code_of_criminal_procedure/,2022081021-2.pdf,originals/government/cdnbbsr.s3waas.gov.in/c676617a3dcef453/2022081021-2.pdf,application/pdf,273642,English,,,,Official Government of India source page
url:3161681d40c7c509d02db182fc7227ba005138856c1c0467914f5d1ab7d8cdaa,Amendment to Criminal Procedure Code-1973 – Provisions relating to Bail 2017 Accessible_(PDF 1.73MB) | Accessible_corrigendum-to-report-no.268(PDF 242KB) | Accessible_Hindi(PDF 845KB),Law Commission of India,law_commission_report,India - Central,,,1973,,current/verify,,2026-08-20,bceacc7708a1ac0ea55cb3da8693f2936502a33c7ad3ae4c1a433b4e04984a02,https://cdnbbsr.s3waas.gov.in/s3ca0daec69b5adc880fb464895726dbdf/uploads/2022/08/2022081637-1.pdf,https://lawcommissionofindia.nic.in/cat_code_of_criminal_procedure/,2022081637-1.pdf,originals/government/cdnbbsr.s3waas.gov.in/3161681d40c7c509/2022081637-1.pdf,application/pdf,1822627,English,,,,Official Government of India source page
url:1bee63241c8ef834ac1485474bc689ee2f71d5692aa972cd7c162325f5fa8683,Amendment to Criminal Procedure Code-1973 – Provisions relating to Bail 2017 Accessible_(PDF 1.73MB) | Accessible_corrigendum-to-report-no.268(PDF 242KB) | Accessible_Hindi(PDF 845KB),Law Commission of India,law_commission_report,India - Central,,,1973,,current/verify,,2026-08-20,711fc8c59a39beef5de2c8d5f9965d687e874eb94078e08f18121d9f31d502cf,https://cdnbbsr.s3waas.gov.in/s3ca0daec69b5adc880fb464895726dbdf/uploads/2022/08/2022081677.pdf,https://lawcommissionofindia.nic.in/cat_code_of_criminal_procedure/,2022081677.pdf,originals/government/cdnbbsr.s3waas.gov.in/1bee63241c8ef834/2022081677.pdf,application/pdf,248715,English,,,,Official Government of India source page
url:b4d98ce8901d593131387a3c246f954c93c7741bd314f41b4f6c0edccfcede14,29. Proposal to include certain Social and Economic Offences in the Indian Penal Code 1996 Accessible_(PDF 4.71MB),Law Commission of India,law_commission_report,India - Central,,,1996,,current/verify,,2026-08-20,f8e58ec30f91c8ea992e36418123b563c016d84b16327dafe3a698c526f87d91,https://cdnbbsr.s3waas.gov.in/s3ca0daec69b5adc880fb464895726dbdf/uploads/2022/08/2022080834-1.pdf,https://lawcommissionofindia.nic.in/cat_indian_penal_code/,2022080834-1.pdf,originals/government/cdnbbsr.s3waas.gov.in/b4d98ce8901d5931/2022080834-1.pdf,application/pdf,4942601,English,,,,Official Government of India source page
url:c4dab3c81eabc1edb7506bf7c6e1c85f5dbc7e1cf40ded5b5b559a74e2e6b0e3,"The Indian Evidence Act, 1872 1977 Accessible_Part_1( 6.81MB) | Accessible_Part_2( 6.67MB) | Accessible_Part_3( 8.13MB)",Law Commission of India,act,India - Central,,,1872,,current/verify,,2026-08-20,0e2537c44b59368af2324e777970e3db4cc8f73fa011dd36d4ee196a71d07ca4,https://cdnbbsr.s3waas.gov.in/s3ca0daec69b5adc880fb464895726dbdf/uploads/2022/09/2022090975.pdf,https://lawcommissionofindia.nic.in/cat_evidence/,2022090975.pdf,originals/government/cdnbbsr.s3waas.gov.in/c4dab3c81eabc1ed/2022090975.pdf,application/pdf,7148115,English,,,,Official Government of India source page
url:485c200e5beac39f37bbe0a60b8a9f5f7e0147fd3be37b5d5515751ea7e9321c,"The Indian Evidence Act, 1872 1977 Accessible_Part_1( 6.81MB) | Accessible_Part_2( 6.67MB) | Accessible_Part_3( 8.13MB)",Law Commission of India,act,India - Central,,,1872,,current/verify,,2026-08-20,a6d14b58809f83c4f73b9b6b14118bd1beb44f302d3a5097c466481ea65f9e4b,https://cdnbbsr.s3waas.gov.in/s3ca0daec69b5adc880fb464895726dbdf/uploads/2022/09/2022090927.pdf,https://lawcommissionofindia.nic.in/cat_evidence/,2022090927.pdf,originals/government/cdnbbsr.s3waas.gov.in/485c200e5beac39f/2022090927.pdf,application/pdf,6995510,English,,,,Official Government of India source page
url:b75e1f57a9fd9953e691a9b3cd8a268bad09197255001f149b61a87159238211,"The Indian Evidence Act, 1872 1977 Accessible_Part_1( 6.81MB) | Accessible_Part_2( 6.67MB) | Accessible_Part_3( 8.13MB)",Law Commission of India,act,India - Central,,,1872,,current/verify,,2026-08-20,d25955e61c85a28d7280df1e6339027f24654df7d43f7d1d99520f1e909eaf24,https://cdnbbsr.s3waas.gov.in/s3ca0daec69b5adc880fb464895726dbdf/uploads/2022/09/2022090945.pdf,https://lawcommissionofindia.nic.in/cat_evidence/,2022090945.pdf,originals/government/cdnbbsr.s3waas.gov.in/b75e1f57a9fd9953/2022090945.pdf,application/pdf,8525977,English,,,,Official Government of India source page
url:85bff03b682d20a1430a83de3cc4d956b1a0c4e0fc21615fccd64a111c4bbb95,"Proposal to amend the Indian Evidence Act, 1872 so as to render Admissible certain statements made by witnesses before Commission of Inquiry and other statutory authorities 1978 Accessible_(PDF 255KB)",Law Commission of India,act,India - Central,,,1872,,current/verify,,2026-08-20,60a6b47ec9e421ddcca0132ff38b1e63736df9b81cfeb233fed71ec5ed0e966e,https://cdnbbsr.s3waas.gov.in/s3ca0daec69b5adc880fb464895726dbdf/uploads/2022/08/2022080532-2.pdf,https://lawcommissionofindia.nic.in/cat_evidence/,2022080532-2.pdf,originals/government/cdnbbsr.s3waas.gov.in/85bff03b682d20a1/2022080532-2.pdf,application/pdf,261130,English,,,,Official Government of India source page
url:ce30a69fbebed4a712e3bd798994633a214a3fb4b55a354a72a26e35ad8f6035,"Governmental Privilege in Evidence: Sections 123-124 and 162, Indian Evidence Act, 1872 and Articles 74 and 163 of the Constitution 1983 Accessible_(PDF 3.66MB) | Accessible_Hindi(PDF 3.20MB)",Law Commission of India,act,India - Central,,,1872,,current/verify,,2026-08-20,a48dd81dc2ea81eb19ced07c2f6edf4c863e1cfedb9a188208d92fbbab04a2bb,https://cdnbbsr.s3waas.gov.in/s3ca0daec69b5adc880fb464895726dbdf/uploads/2022/08/2022080881.pdf,https://lawcommissionofindia.nic.in/cat_evidence/,2022080881.pdf,originals/government/cdnbbsr.s3waas.gov.in/ce30a69fbebed4a7/2022080881.pdf,application/pdf,3838234,English,,,,Official Government of India source page
url:45a416d6037ac9ba6084e17300be7ef812127638489e3327629903a1a8a48ab7,"91(*part) Dowry deaths and law reform: Amending the Hindu Marriage Act, 1955, the Indian Penal Code, 1860 and the Indian Evidence Act, 1872 1983 Accessible_(PDF 1.46MB) | Accessible_Hindi(PDF 1.13MB)",Law Commission of India,act,India - Central,,,1955,,current/verify,,2026-08-20,e558b2112fae41d0c3c374057935c0daa8667d823adee000c45494ebd4f02586,https://cdnbbsr.s3waas.gov.in/s3ca0daec69b5adc880fb464895726dbdf/uploads/2022/08/2022080815.pdf,https://lawcommissionofindia.nic.in/cat_evidence/,2022080815.pdf,originals/government/cdnbbsr.s3waas.gov.in/45a416d6037ac9ba/2022080815.pdf,application/pdf,1538151,English,,,,Official Government of India source page
url:50608423fdd06fed748c815d08704981c42a5d71f8b208d89565e776e96009ce,"Injuries in Police Custody – Suggested section 114B, Evidence Act 1985 Accessible_(PDF 827KB) | Accessible_Hindi(PDF 1.38MB)",Law Commission of India,act,India - Central,,,1985,,current/verify,,2026-08-20,a4f081a0dee4e5653b56abdd7419bf205c8fc3b8ee441713864481a6b08c439c,https://cdnbbsr.s3waas.gov.in/s3ca0daec69b5adc880fb464895726dbdf/uploads/2022/08/2022080849.pdf,https://lawcommissionofindia.nic.in/cat_evidence/,2022080849.pdf,originals/government/cdnbbsr.s3waas.gov.in/50608423fdd06fed/2022080849.pdf,application/pdf,847414,English,,,,Official Government of India source page
url:88031859c5bbd061db8c89a0a4b5a41bbb28ab297457814c6809fd27f84a793a,"178(PART) Recommendations for amending various enactments, both civil and criminal 2001 Accessible_Part_01(PDF 708KB) | Accessible_Part_02(PDF 323KB) | Accessible_Hindi(PDF 1.30MB)",Law Commission of India,law_commission_report,India - Central,,,2001,,current/verify,,2026-08-20,3effc9c1dbb2358f4aed760f8b2850fb455042d5a3c7799c0058a7724332f2a5,https://cdnbbsr.s3waas.gov.in/s3ca0daec69b5adc880fb464895726dbdf/uploads/2022/08/2022081068.pdf,https://lawcommissionofindia.nic.in/cat_evidence/,2022081068.pdf,originals/government/cdnbbsr.s3waas.gov.in/88031859c5bbd061/2022081068.pdf,application/pdf,725278,English,,,,Official Government of India source page
url:7fafae24a87268d6235a85f318bfcaa365f7ae673b7c0d90d4bcc897be5a033c,"178(PART) Recommendations for amending various enactments, both civil and criminal 2001 Accessible_Part_01(PDF 708KB) | Accessible_Part_02(PDF 323KB) | Accessible_Hindi(PDF 1.30MB)",Law Commission of India,law_commission_report,India - Central,,,2001,,current/verify,,2026-08-20,3ecf78670c1677e146e445db0e4d4e43fb03749030f0229e82383b082e8f8069,https://cdnbbsr.s3waas.gov.in/s3ca0daec69b5adc880fb464895726dbdf/uploads/2022/08/2022081024-1.pdf,https://lawcommissionofindia.nic.in/cat_evidence/,2022081024-1.pdf,originals/government/cdnbbsr.s3waas.gov.in/7fafae24a87268d6/2022081024-1.pdf,application/pdf,331378,English,,,,Official Government of India source page
url:9c900940a0fee61d988332dde503f9cc21bc932079832df2a053de71a9dae617,"Review of the Indian Evidence Act, 1872 2003 Accessible_Part_I(PDF 121KB) | Accessible_Part_II(PDF 1.46MB) | Accessible_Part_IIIA(PDF 1.78MB) | Accessible_Part_IIIB(PDF 1.73MB) | Accessible_Part_IV(PDF 927KB) | Accessible_Part_V(PDF 615KB) | Accessible_Hindi(PDF 8.89MB)",Law Commission of India,act,India - Central,,,1872,,current/verify,,2026-08-20,4c3f8038cad6e9764d9fd16e232b49c2cd88a3c6d78505bb08fe56a2a918f2d4,https://cdnbbsr.s3waas.gov.in/s3ca0daec69b5adc880fb464895726dbdf/uploads/2022/08/2022081047.pdf,https://lawcommissionofindia.nic.in/cat_evidence/,2022081047.pdf,originals/government/cdnbbsr.s3waas.gov.in/9c900940a0fee61d/2022081047.pdf,application/pdf,124122,English,,,,Official Government of India source page
url:2c60dfb7fa99332473fdda90149d44fb4dbfb6df6b500af5c0b2cbba0f12e2e9,"Review of the Indian Evidence Act, 1872 2003 Accessible_Part_I(PDF 121KB) | Accessible_Part_II(PDF 1.46MB) | Accessible_Part_IIIA(PDF 1.78MB) | Accessible_Part_IIIB(PDF 1.73MB) | Accessible_Part_IV(PDF 927KB) | Accessible_Part_V(PDF 615KB) | Accessible_Hindi(PDF 8.89MB)",Law Commission of India,act,India - Central,,,1872,,current/verify,,2026-08-20,4cc2bd30c34508512773f2856c1bc3d2af09f2f2bd4c668d69efcc03cf906bf6,https://cdnbbsr.s3waas.gov.in/s3ca0daec69b5adc880fb464895726dbdf/uploads/2022/08/2022081094.pdf,https://lawcommissionofindia.nic.in/cat_evidence/,2022081094.pdf,originals/government/cdnbbsr.s3waas.gov.in/2c60dfb7fa993324/2022081094.pdf,application/pdf,1539938,English,,,,Official Government of India source page
url:623d4d9bb65c73160524dfd7a04ef2bb331b2ed35b66a116564e771350c93e46,"Review of the Indian Evidence Act, 1872 2003 Accessible_Part_I(PDF 121KB) | Accessible_Part_II(PDF 1.46MB) | Accessible_Part_IIIA(PDF 1.78MB) | Accessible_Part_IIIB(PDF 1.73MB) | Accessible_Part_IV(PDF 927KB) | Accessible_Part_V(PDF 615KB) | Accessible_Hindi(PDF 8.89MB)",Law Commission of India,act,India - Central,,,1872,,current/verify,,2026-08-20,56dc8035d3d427dc49a84e77fe43d8786aaa8d550b5ebdc7759eab29aa62fa4a,https://cdnbbsr.s3waas.gov.in/s3ca0daec69b5adc880fb464895726dbdf/uploads/2022/08/2022081076-1.pdf,https://lawcommissionofindia.nic.in/cat_evidence/,2022081076-1.pdf,originals/government/cdnbbsr.s3waas.gov.in/623d4d9bb65c7316/2022081076-1.pdf,application/pdf,1867209,English,,,,Official Government of India source page
url:a4a641d06bbe0a1fd2070a7596e9ebf010907f2e92fbdc62b2f328bfc7dbe326,"Review of the Indian Evidence Act, 1872 2003 Accessible_Part_I(PDF 121KB) | Accessible_Part_II(PDF 1.46MB) | Accessible_Part_IIIA(PDF 1.78MB) | Accessible_Part_IIIB(PDF 1.73MB) | Accessible_Part_IV(PDF 927KB) | Accessible_Part_V(PDF 615KB) | Accessible_Hindi(PDF 8.89MB)",Law Commission of India,act,India - Central,,,1872,,current/verify,,2026-08-20,c95585c1c37d2a2a5c8ae9ee17ba1edf78718b6ebd6a9137c878f736c16f8e63,https://cdnbbsr.s3waas.gov.in/s3ca0daec69b5adc880fb464895726dbdf/uploads/2022/08/2022081056-1.pdf,https://lawcommissionofindia.nic.in/cat_evidence/,2022081056-1.pdf,originals/government/cdnbbsr.s3waas.gov.in/a4a641d06bbe0a1f/2022081056-1.pdf,application/pdf,1818174,English,,,,Official Government of India source page
url:70b5cd853a4f7c3d7ebcc6ade7255117b0de8ef516a49868181c9b6a901c3220,"Review of the Indian Evidence Act, 1872 2003 Accessible_Part_I(PDF 121KB) | Accessible_Part_II(PDF 1.46MB) | Accessible_Part_IIIA(PDF 1.78MB) | Accessible_Part_IIIB(PDF 1.73MB) | Accessible_Part_IV(PDF 927KB) | Accessible_Part_V(PDF 615KB) | Accessible_Hindi(PDF 8.89MB)",Law Commission of India,act,India - Central,,,1872,,current/verify,,2026-08-20,ffbd31d3b138160cc1da5f1f5873db238a45c8b229b9fc1d06e7ca58b93c9399,https://cdnbbsr.s3waas.gov.in/s3ca0daec69b5adc880fb464895726dbdf/uploads/2022/08/2022081065.pdf,https://lawcommissionofindia.nic.in/cat_evidence/,2022081065.pdf,originals/government/cdnbbsr.s3waas.gov.in/70b5cd853a4f7c3d/2022081065.pdf,application/pdf,949340,English,,,,Official Government of India source page
url:bf45dff4214a87a0231b414d897592ad016cda338047409f4c7048a02bdb4733,"Review of the Indian Evidence Act, 1872 2003 Accessible_Part_I(PDF 121KB) | Accessible_Part_II(PDF 1.46MB) | Accessible_Part_IIIA(PDF 1.78MB) | Accessible_Part_IIIB(PDF 1.73MB) | Accessible_Part_IV(PDF 927KB) | Accessible_Part_V(PDF 615KB) | Accessible_Hindi(PDF 8.89MB)",Law Commission of India,act,India - Central,,,1872,,current/verify,,2026-08-20,f12ddf416a773637bcde32da2b4c5efbeb8113dfd1a78d02e63a193a68f94b51,https://cdnbbsr.s3waas.gov.in/s3ca0daec69b5adc880fb464895726dbdf/uploads/2022/08/2022081037.pdf,https://lawcommissionofindia.nic.in/cat_evidence/,2022081037.pdf,originals/government/cdnbbsr.s3waas.gov.in/bf45dff4214a87a0/2022081037.pdf,application/pdf,630591,English,,,,Official Government of India source page
url:27c8e2c46892501342a0b6ca2148bdf7a349f2bb0823d1ef05b0f5b3f4729b03,Law relating to attendance of Prisoners in Courts 1969 Accessible_(PDF 1.33MB),Law Commission of India,law_commission_report,India - Central,,,1969,,current/verify,,2026-08-20,3804a1879993925be5ac5b2e2acab4f1f52677c4502b05f96502bece7d515161,https://cdnbbsr.s3waas.gov.in/s3ca0daec69b5adc880fb464895726dbdf/uploads/2022/08/2022080583.pdf,https://lawcommissionofindia.nic.in/cat_prisoners/,2022080583.pdf,originals/government/cdnbbsr.s3waas.gov.in/27c8e2c468925013/2022080583.pdf,application/pdf,1401334,English,,,,Official Government of India source page
url:ec16ada15e20664973c8f890ccc51d1727b6236c69c47bfb77eec03099c4041e,"Identification of Prisoners Act, 1920 1980 Accessible_(PDF 3.86MB) | Accessible_Hindi(PDF 4.41MB)",Law Commission of India,act,India - Central,,,1920,,current/verify,,2026-08-20,8f74293f748e20e203b9b0bc08fd8f3dacf1acfbddd969b705fdf4b376daac1a,https://cdnbbsr.s3waas.gov.in/s3ca0daec69b5adc880fb464895726dbdf/uploads/2022/08/2022080866.pdf,https://lawcommissionofindia.nic.in/cat_prisoners/,2022080866.pdf,originals/government/cdnbbsr.s3waas.gov.in/ec16ada15e206649/2022080866.pdf,application/pdf,4053868,English,,,,Official Government of India source page
url:ccf4fc7e43b6783cb6e3e8c1ba1b72962e2d1faa78bcc9dc543211902cc94cd2,"The Protection of Children (Inter Country Removal and Retention) Bill, 2016.(बालकों का संरक्षण (अंतर देशीय अपसारण और प्रतिधारण) विधेयक, 2016) 17 th October 2016 Accessible_(PDF 1.35MB) | Accessible_Hindi(PDF 520KB)",Law Commission of India,law_commission_report,India - Central,,,2016,,current/verify,,2026-08-20,b794b53984b029c73b909de0f7ac372a6b2772538698c1515380ee7df3b092cd,https://cdnbbsr.s3waas.gov.in/s3ca0daec69b5adc880fb464895726dbdf/uploads/2022/08/2022081679.pdf,https://lawcommissionofindia.nic.in/report_twentyfirst/,2022081679.pdf,originals/government/cdnbbsr.s3waas.gov.in/ccf4fc7e43b6783c/2022081679.pdf,application/pdf,1419275,English,,,,Official Government of India source page
url:0189215d218794c5825163aa60232b28c55fdcc7a107da57bd91e95d601007a6,"The Criminal Law (Amendment) Bill, 2017 (Provisions Dealing with Food Adulteration).(दंड विधि (संशोधन) विधेयक,2017 (खाद्य अपमिश्रण संबंधी उपबंध )) 17 th January 2017 Accessible_(PDF 1.07MB) | Accessible_Hindi(PDF 2.52MB)",Law Commission of India,law_commission_report,India - Central,,,2017,,current/verify,,2026-08-20,017191530071dee735058f070d91369cd1b42dc1d625bedbbfe26810b614b293,https://cdnbbsr.s3waas.gov.in/s3ca0daec69b5adc880fb464895726dbdf/uploads/2022/08/2022081632-1.pdf,https://lawcommissionofindia.nic.in/report_twentyfirst/,2022081632-1.pdf,originals/government/cdnbbsr.s3waas.gov.in/0189215d218794c5/2022081632-1.pdf,application/pdf,1126196,English,,,,Official Government of India source page
url:48e53835a025d1e817d9e573409bc560797795490dd3eaed59049b8da9c35608,"Amendment in Section 154 of The Code of Criminal procedure, 1973 for enabling online Registration of FIR 17 th September 2023 Click Here",Law Commission of India,law_commission_report,India - Central,,,1973,,current/verify,,2026-08-20,19decd64fe92e9d5fa0956489a2d583872e7e0d022936b9a2fa6a131c2c0adde,https://cdnbbsr.s3waas.gov.in/s3ca0daec69b5adc880fb464895726dbdf/uploads/2023/09/202309291744842452.pdf,https://lawcommissionofindia.nic.in/report_twentysecond/,202309291744842452.pdf,originals/government/cdnbbsr.s3waas.gov.in/48e53835a025d1e8/202309291744842452.pdf,application/pdf,9492600,English,,,,Official Government of India source page
url:de30cd2f7754ad4c109a35e478afcdf7d09871e10c6754899f9b8c9aad7c25d8,"Age of Consent Under The Protection of children From Sexual Offences Act,2012 17 th September 2023 Click Here",Law Commission of India,act,India - Central,,,2012,,current/verify,,2026-08-20,db3bb589964bced82a25ce32634940d0ed5d49de3b8fa4f88bc6adc2cee94c98,https://cdnbbsr.s3waas.gov.in/s3ca0daec69b5adc880fb464895726dbdf/uploads/2023/09/20230929466194485.pdf,https://lawcommissionofindia.nic.in/report_twentysecond/,20230929466194485.pdf,originals/government/cdnbbsr.s3waas.gov.in/de30cd2f7754ad4c/20230929466194485.pdf,application/pdf,10419206,English,,,,Official Government of India source page
url:0779714174160f2567cd9617aec5b7cc6219c1672fca3d7a9fa917556de48410,The Law on criminal Defamation 17 th January 2024 Click Here,Law Commission of India,law_commission_report,India - Central,,,2024,,current/verify,,2026-08-20,b112c182cf9af10b2027b8b7a40ff82bd60b4fa95c46b71aafd1017986577bdd,https://cdnbbsr.s3waas.gov.in/s3ca0daec69b5adc880fb464895726dbdf/uploads/2024/02/202402021139959703.pdf,https://lawcommissionofindia.nic.in/report_twentysecond/,202402021139959703.pdf,originals/government/cdnbbsr.s3waas.gov.in/0779714174160f25/202402021139959703.pdf,application/pdf,7431292,English,,,,Official Government of India source page
url:9447854e2293f5b13b438357d01dcf6fc951a6adf4610b3fede606b91721e85c,"Official Secrets Acts, 1923.","Ministry of Home Affairs, Government of India - Internal Security Division",act,India - Central,,,1923,,current/verify,,2026-08-20,068221e9199aa29cc9ad5b549644526aa802c334b49410c204877c606764d97d,https://www.mha.gov.in/sites/default/files/2022-09/OSA%25201923_25042017_0%5B1%5D.pdf,https://www.mha.gov.in/en/acts?fontsize=large&page=1,OSA%201923_25042017_0[1].pdf,originals/government/www.mha.gov.in/9447854e2293f5b1/OSA%201923_25042017_0[1].pdf,application/pdf,4086513,English,,,,Official Government of India source page
url:dbddd34fe859d5f4d687f9f1b2868aeaaf320030536dc390f1149d0fabb98c4e,"The Arms Act, 1959.","Ministry of Home Affairs, Government of India - Internal Security Division",act,India - Central,,,1959,,current/verify,,2026-08-20,91d913ac6eb800cd4278a933d6320b38f9ce861d31275b1ba2fa2ff24347f558,https://www.mha.gov.in/sites/default/files/2022-09/arms%2520act-1959%5B1%5D.pdf,https://www.mha.gov.in/en/acts?fontsize=large&page=1,arms%20act-1959[1].pdf,originals/government/www.mha.gov.in/dbddd34fe859d5f4/arms%20act-1959[1].pdf,application/pdf,59993,English,,,,Official Government of India source page
url:b64452fb0b45511ec9a5a77ab3cfcb086500b200fa352354bfe3996556de2cbd,"The Criminal Law Amendment Act, 1961.","Ministry of Home Affairs, Government of India - Internal Security Division",act,India - Central,,,1961,,current/verify,,2026-08-20,b5aa4c44d8a82d1e86531965a254ad9b86bd30bf3cd3dc93fb83636de7c20066,https://www.mha.gov.in/sites/default/files/2022-09/CriminalLawAmendmentAct1961%5B1%5D.pdf,https://www.mha.gov.in/en/acts?fontsize=large&page=1,CriminalLawAmendmentAct1961[1].pdf,originals/government/www.mha.gov.in/b64452fb0b45511e/CriminalLawAmendmentAct1961[1].pdf,application/pdf,14248,English,,,,Official Government of India source page
url:e8f7d63f90f684ece6468e24357609a9c614f42a0ab9d2f1ce73f38f96742791,"The Criminal Law(Amendment) Act, 2013.","Ministry of Home Affairs, Government of India - Internal Security Division",act,India - Central,,,2013,,current/verify,,2026-08-20,b4aa1e57c4852a7c327e2dfa66911d7d0d7a01d7ab4f0011dfbc060dbff73930,https://www.mha.gov.in/sites/default/files/2022-09/TheCrimnalLaw030413%5B1%5D.pdf,https://www.mha.gov.in/en/acts?fontsize=large&page=1,TheCrimnalLaw030413[1].pdf,originals/government/www.mha.gov.in/e8f7d63f90f684ec/TheCrimnalLaw030413[1].pdf,application/pdf,5281589,English,,,,Official Government of India source page
url:16fc032cf8b683a246ba6a694e363ad6c7aba5563fdb322be4cdc6b95b7f4f68,"The Explosive Substances Act, 1908.","Ministry of Home Affairs, Government of India - Internal Security Division",act,India - Central,,,1908,,current/verify,,2026-08-20,ef869e3ade8792822fbc57fcbe4f72b0d4811ec234743988f900b7e9fe5af773,https://www.mha.gov.in/sites/default/files/2022-09/ExplosiveSubstancesAct1908%5B1%5D.pdf,https://www.mha.gov.in/en/acts?fontsize=large&page=1,ExplosiveSubstancesAct1908[1].pdf,originals/government/www.mha.gov.in/16fc032cf8b683a2/ExplosiveSubstancesAct1908[1].pdf,application/pdf,13192,English,,,,Official Government of India source page
url:c17a9b3a60e902e6c4fa590fa7e82bc4e6b66d94c6ac735d03362e741fba91af,"The National Security Act, 1980.","Ministry of Home Affairs, Government of India - Internal Security Division",act,India - Central,,,1980,,current/verify,,2026-08-20,7563235209c4aa3867fd08caea65b8f138d6f162bfc622ccddc6f90876c85c6b,https://www.mha.gov.in/sites/default/files/2022-09/IS_IIActs_28082018%5B1%5D.pdf,https://www.mha.gov.in/en/acts?fontsize=large&page=1,IS_IIActs_28082018[1].pdf,originals/government/www.mha.gov.in/c17a9b3a60e902e6/IS_IIActs_28082018[1].pdf,application/pdf,125736,English,,,,Official Government of India source page
url:081f5c8b62ae6d5907c0a5a40f97da6c0c962ebb095c2fa889fb5e8dbf0b17bb,"The National Security Act,1980-with all latest amendments.","Ministry of Home Affairs, Government of India - Internal Security Division",act,India - Central,,,1980,,current/verify,,2026-08-20,dd7d38d5a8afe112dc3fa2f57db0fc86af58b49509f3bd2e9e04c174fc42169e,https://www.mha.gov.in/sites/default/files/2022-09/NationalSecAmndmntAct1984%5B1%5D.pdf,https://www.mha.gov.in/en/acts?fontsize=large&page=1,NationalSecAmndmntAct1984[1].pdf,originals/government/www.mha.gov.in/081f5c8b62ae6d59/NationalSecAmndmntAct1984[1].pdf,application/pdf,3631072,English,,,,Official Government of India source page
url:0bebc4be5a8d02296768408c8f80a75a399e97ce111f667261d520caa8768913,"The Official Secrets Act, 1923.","Ministry of Home Affairs, Government of India - Internal Security Division",act,India - Central,,,1923,,current/verify,,2026-08-20,c776b4a73c4e74ca1648f7b605678bd17f803a4cc3c7b23cdd191837c97531fe,https://www.mha.gov.in/sites/default/files/2022-09/Official_Secret_Act1923%5B1%5D.pdf,https://www.mha.gov.in/en/acts?fontsize=large&page=1,Official_Secret_Act1923[1].pdf,originals/government/www.mha.gov.in/0bebc4be5a8d0229/Official_Secret_Act1923[1].pdf,application/pdf,32219,English,,,,Official Government of India source page
url:1950a0e2b8c3bb998d6af0f7e844746544eb4e653331de9eb2b8a971914a98db,"The Arms Rules, 1962.","Ministry of Home Affairs, Government of India - Internal Security Division",rule,India - Central,,,1962,,current/verify,,2026-08-20,8cb36a593cc12da9f1972cc2f1883697e20d2f48b697af7a78a3a3ec779c810f,https://www.mha.gov.in/sites/default/files/2022-09/TheArmsRules1962%5B1%5D.pdf,https://www.mha.gov.in/en/acts?fontsize=large&page=1,TheArmsRules1962[1].pdf,originals/government/www.mha.gov.in/1950a0e2b8c3bb99/TheArmsRules1962[1].pdf,application/pdf,16474776,English,,,,Official Government of India source page
url:ef5e0e3b134e798d26f7a43b89f7a6653b8bffbdc63dfc8a4d3be39a9271a8f7,The Explosive Substances Act 1908,"Ministry of Home Affairs, Government of India - Internal Security-I Division",act,India - Central,,,1908,,current/verify,,2026-08-20,ef869e3ade8792822fbc57fcbe4f72b0d4811ec234743988f900b7e9fe5af773,https://www.mha.gov.in/sites/default/files/2022-10/ExplosiveSubstancesAct1908_0%5B1%5D.pdf,https://www.mha.gov.in/en/divisionofmha/internal-security-i-division,ExplosiveSubstancesAct1908_0[1].pdf,originals/government/www.mha.gov.in/ef5e0e3b134e798d/ExplosiveSubstancesAct1908_0[1].pdf,application/pdf,13192,English,,,,Official Government of India source page
url:f2cb05fc7765edba3eea69e18137d1489aaf719506e405814dbeadb2376aed8b,The Official Secrets Act 1923,"Ministry of Home Affairs, Government of India - Internal Security-I Division",act,India - Central,,,1923,,current/verify,,2026-08-20,982a4b7a7912d374dadbed8c180abd1a7322d09584b6a5ecec2bf736a001d288,https://www.mha.gov.in/sites/default/files/2022-10/OSA1923_02092022%5B1%5D.pdf,https://www.mha.gov.in/en/divisionofmha/internal-security-i-division,OSA1923_02092022[1].pdf,originals/government/www.mha.gov.in/f2cb05fc7765edba/OSA1923_02092022[1].pdf,application/pdf,342537,English,,,,Official Government of India source page
url:69e1501e54a15b8dba1a98af834b5e7843439410398a129749fe248344f25f69,The Arms Act 1959,"Ministry of Home Affairs, Government of India - Internal Security-I Division",act,India - Central,,,1959,,current/verify,,2026-08-20,506f661c3fce8967ebb88cbc15429dbeaeeb9d0b9af7c5459924683abe53ae48,https://www.mha.gov.in/sites/default/files/2022-10/TheArmsAct1959%5B1%5D.pdf,https://www.mha.gov.in/en/divisionofmha/internal-security-i-division,TheArmsAct1959[1].pdf,originals/government/www.mha.gov.in/69e1501e54a15b8d/TheArmsAct1959[1].pdf,application/pdf,348560,English,,,,Official Government of India source page
url:edf222da5c69d38142d87887d6fb37532d189346ad171dcf1ce58790c622136c,"THE ARMS RULES, 1962","Ministry of Home Affairs, Government of India - Internal Security-I Division",rule,India - Central,,,1962,,current/verify,,2026-08-20,e48016cd33cf61ff7cb87bbebb6e3d247b1872d5cb9b48bf82b7a4cb8aa6755b,https://www.mha.gov.in/sites/default/files/2022-10/THEARMSRULES1962%5B1%5D.pdf,https://www.mha.gov.in/en/divisionofmha/internal-security-i-division,THEARMSRULES1962[1].pdf,originals/government/www.mha.gov.in/edf222da5c69d381/THEARMSRULES1962[1].pdf,application/pdf,1549991,English,,,,Official Government of India source page
url:60143170965193a8ee1482d40cbed5114bd95036ce1f93b65858e837507d80ce,"Arms Rule 2016 (Amendments in Arms Rules,1962)","Ministry of Home Affairs, Government of India - Internal Security-I Division",rule,India - Central,,,2016,,current/verify,,2026-08-20,3f71d8a788e1b0a45b4790a4a1bffe9a7911a0964e9dcfb2f25b7f8c2fe9fc35,https://www.mha.gov.in/sites/default/files/2022-10/ArmsRule2016AmendmentsinArmsRules_1962%5B1%5D.pdf,https://www.mha.gov.in/en/divisionofmha/internal-security-i-division,ArmsRule2016AmendmentsinArmsRules_1962[1].pdf,originals/government/www.mha.gov.in/60143170965193a8/ArmsRule2016AmendmentsinArmsRules_1962[1].pdf,application/pdf,2382343,English,,,,Official Government of India source page
url:0ab9921319c22e0d1ceaf1b11f9da0e9a603bf1e1d6b6bbf6cf1b3e351b55997,"First Statute of the Rashtriya Raksha University, 2022","Ministry of Home Affairs, Government of India - Internal Security-I Division",official_legal_material,India - Central,,,2022,,current/verify,,2026-08-20,aa39d4a679066dce806811de0c9df87272ee8b566d16bf3b6b3c6d4c623e12e1,https://www.mha.gov.in/sites/default/files/2023-02/A1_02022023.pdf,https://www.mha.gov.in/en/divisionofmha/internal-security-i-division,A1_02022023.pdf,originals/government/www.mha.gov.in/0ab9921319c22e0d/A1_02022023.pdf,application/pdf,13348081,English,,,,Official Government of India source page
url:155d2703e474afd1969526155a6264881667b6117bf0f165d4960c74489111ec,Notification dated 4.8.2014 for Exemption to Certain Class of Persons under the Arms Act 1959,"Ministry of Home Affairs, Government of India - Internal Security-I Division",act,India - Central,,,2014,,current/verify,,2026-08-20,53429c8c77ec401656aee59d5b537efeb77794f5dcd92a16cb8d8df45a0836b8,https://www.mha.gov.in/sites/default/files/2022-10/Notificationdated_04082014%5B1%5D.pdf,https://www.mha.gov.in/en/divisionofmha/internal-security-i-division,Notificationdated_04082014[1].pdf,originals/government/www.mha.gov.in/155d2703e474afd1/Notificationdated_04082014[1].pdf,application/pdf,147920,English,,,,Official Government of India source page
url:f33111c5c973bb9c60bac75b77298ab930cc20f2c79100431c35c422e8cd39e1,"Notification dated 18.07.2016 Regarding Arms Act, 1959","Ministry of Home Affairs, Government of India - Internal Security-I Division",act,India - Central,,,2016,,current/verify,,2026-08-20,5bb9bbc8d1ad1d0a4ad8eeb3d8c9c7300ddf0f9b7e16a27753e71f05e85ce685,https://www.mha.gov.in/sites/default/files/2022-10/Notificationdated18072016RegardingArmsAct1959%5B1%5D.pdf,https://www.mha.gov.in/en/divisionofmha/internal-security-i-division,Notificationdated18072016RegardingArmsAct1959[1].pdf,originals/government/www.mha.gov.in/f33111c5c973bb9c/Notificationdated18072016RegardingArmsAct1959[1].pdf,application/pdf,108833,English,,,,Official Government of India source page
url:d0fec95780da384d15d4a82dd1cd58edb07ae6bbd664a4a80c7276b8a9f9a0fd,Notification dated 27.10.2017 regarding Powers conferred by section 44 of the Arms Act 1959,"Ministry of Home Affairs, Government of India - Internal Security-I Division",act,India - Central,,,2017,,current/verify,,2026-08-20,6c4db5f018cf5b594cbadf4683ad7cb077b9a9543cc1e2b6aac386d4ad0d32e6,https://www.mha.gov.in/sites/default/files/2022-10/Notificationdated27102017regardingPowersconferredbysection44oftheArmsAct1959%5B1%5D.PDF,https://www.mha.gov.in/en/divisionofmha/internal-security-i-division,Notificationdated27102017regardingPowersconferredbysection44oftheArmsAct1959[1].PDF,originals/government/www.mha.gov.in/d0fec95780da384d/Notificationdated27102017regardingPowersconferredbysection44oftheArmsAct1959[1].PDF,application/pdf,1957108,English,,,,Official Government of India source page
url:1f1d11900e06a80f010f30136502ad52d471710df2e1b0e692833894b13d01be,Notification dated 28.11.2017 on Arms Licence (NDAL),"Ministry of Home Affairs, Government of India - Internal Security-I Division",official_legal_material,India - Central,,,2017,,current/verify,,2026-08-20,dfa572a1a3481ba4ee228083a0b218fd9fb62eaaba2a262dcb1691224a94c2bf,https://www.mha.gov.in/sites/default/files/2022-10/Notificationdated28112017ArmsLicenceNDAL%5B1%5D.pdf,https://www.mha.gov.in/en/divisionofmha/internal-security-i-division,Notificationdated28112017ArmsLicenceNDAL[1].pdf,originals/government/www.mha.gov.in/1f1d11900e06a80f/Notificationdated28112017ArmsLicenceNDAL[1].pdf,application/pdf,1603730,English,,,,Official Government of India source page
url:36686292c1ba8fd804196505cd442e55a2be675fd3ee6df272172934297fa7ac,Notification dated 3.1.2020 regarding Powers conferred by section 44 of the Arms Act 1959,"Ministry of Home Affairs, Government of India - Internal Security-I Division",act,India - Central,,,2020,,current/verify,,2026-08-20,61c1e2e1be1dda5888e535fe6e02579db4208f0a48393d2b3aec85307d053bc5,https://www.mha.gov.in/sites/default/files/2022-10/Notificationdated_03012020%5B1%5D.pdf,https://www.mha.gov.in/en/divisionofmha/internal-security-i-division,Notificationdated_03012020[1].pdf,originals/government/www.mha.gov.in/36686292c1ba8fd8/Notificationdated_03012020[1].pdf,application/pdf,261553,English,,,,Official Government of India source page
url:c3acbde54752d7f3e4038491a019e64e0c6d4c83dbaa95b28f8c2541365574b2,Notification dated 08.01.2020 containing order of Honble Tribunal regarding confirmation of Government of India decision of declaring SFJ as an unlawful association,"Ministry of Home Affairs, Government of India - Internal Security-I Division",order,India - Central,,,2020,,current/verify,,2026-08-20,40601e3a05818fa72bd35dd2f7f467b1ced66c4985f1468abf3978c9474e4654,https://www.mha.gov.in/sites/default/files/2022-10/Notificationdated_08012020%5B1%5D.pdf,https://www.mha.gov.in/en/divisionofmha/internal-security-i-division,Notificationdated_08012020[1].pdf,originals/government/www.mha.gov.in/c3acbde54752d7f3/Notificationdated_08012020[1].pdf,application/pdf,622769,English,,,,Official Government of India source page
url:889105a58538f0567434ce6fa26b4daceacf1055d875934543830f1b853058e2,"Compendium of notifications issued regarding Amendments in Arms Rules, 1962","Ministry of Home Affairs, Government of India - Internal Security-I Division",rule,India - Central,,,1962,,current/verify,,2026-08-20,74a25f35ffde9d08aa1d4a10b3df375b705c0a608b23efcad261fd2f59afe311,https://www.mha.gov.in/sites/default/files/2022-10/CompendiumofnotificationsissuedregardingAmendmentsArmsRules1962%5B1%5D.pdf,https://www.mha.gov.in/en/divisionofmha/internal-security-i-division,CompendiumofnotificationsissuedregardingAmendmentsArmsRules1962[1].pdf,originals/government/www.mha.gov.in/889105a58538f056/CompendiumofnotificationsissuedregardingAmendmentsArmsRules1962[1].pdf,application/pdf,967611,English,,,,Official Government of India source page
url:d45ed2de5ec30693b2da1b1a0824056931a8070dd0a93cd655a0a7f84ad4fd1a,Compendium of notifications issued regarding delegation of Powers and Functions under Arms Act,"Ministry of Home Affairs, Government of India - Internal Security-I Division",act,India - Central,,,,,current/verify,,2026-08-20,ef4d2bafff72be6477041adbf53eb4e46a203c400d911d6aa5e7ad8c8d1f3867,https://www.mha.gov.in/sites/default/files/2022-10/CompendiumPowersandFunctionsunderArmsAct%5B1%5D.pdf,https://www.mha.gov.in/en/divisionofmha/internal-security-i-division,CompendiumPowersandFunctionsunderArmsAct[1].pdf,originals/government/www.mha.gov.in/d45ed2de5ec30693/CompendiumPowersandFunctionsunderArmsAct[1].pdf,application/pdf,304136,English,,,,Official Government of India source page
url:7129e888f5f45953b002eef59fdc4f6d210ab99b0627c6ac0aa258f4d214fad1,"Compendium of notifications issued regarding Exemptions, Exclusions and Withdrawals under Arms Acts and Rules","Ministry of Home Affairs, Government of India - Internal Security-I Division",rule,India - Central,,,,,current/verify,,2026-08-20,4f4ceccb721edd0c1338d0c679124a11b04884c399a4f7f67b765f40886bb373,https://www.mha.gov.in/sites/default/files/2022-10/CompendiumExclusionsWithdrawalsunderArmsActsandRules%5B1%5D.pdf,https://www.mha.gov.in/en/divisionofmha/internal-security-i-division,CompendiumExclusionsWithdrawalsunderArmsActsandRules[1].pdf,originals/government/www.mha.gov.in/7129e888f5f45953/CompendiumExclusionsWithdrawalsunderArmsActsandRules[1].pdf,application/pdf,396436,English,,,,Official Government of India source page
url:b083e4b4af31a153ca9fa7bdb779d54a207b5c4702385f93a94d4c1aba9f32e0,Compendium of notifications issued regarding General and Miscellaneous on Arms Acts and Rules,"Ministry of Home Affairs, Government of India - Internal Security-I Division",rule,India - Central,,,,,current/verify,,2026-08-20,9e6e3622c3ef8c8236ef6cf3cd2a99471e2c4065a6d88a19d6bc273737ca702d,https://www.mha.gov.in/sites/default/files/2022-10/CompendiumMiscellaneous%5B1%5D.pdf,https://www.mha.gov.in/en/divisionofmha/internal-security-i-division,CompendiumMiscellaneous[1].pdf,originals/government/www.mha.gov.in/b083e4b4af31a153/CompendiumMiscellaneous[1].pdf,application/pdf,149256,English,,,,Official Government of India source page
url:eb1e714ecb7dfbf385e5ae621a874433e0c260cdb63db22743fb0eef494b387a,"Notice dated 14.08.2024 issued by the Unlawful Activities (Prevention) Tribunal, New Delhi","Ministry of Home Affairs, Government of India - Internal Security-I Division",official_legal_material,India - Central,,,2024,,current/verify,,2026-08-20,5938dc621b1429412563f2136304705514eda7428a1e78d05980909682e55ec9,https://www.mha.gov.in/sites/default/files/2024-08/TribunalNoticeSFJ_14082024.pdf,https://www.mha.gov.in/en/divisionofmha/internal-security-i-division,TribunalNoticeSFJ_14082024.pdf,originals/government/www.mha.gov.in/eb1e714ecb7dfbf3/TribunalNoticeSFJ_14082024.pdf,application/pdf,13557592,English,,,,Official Government of India source page
url:dfdd83529fba243042cbbba51d389a3c1f7be900344cbfc8c89f9ff4db4d7076,Notification bearing No. S.O. 3097 (E) dated 02.08.2024 regarding constitution of Unlawful Activities (Prevention) Tribunal for SFJ,"Ministry of Home Affairs, Government of India - Internal Security-I Division",official_legal_material,India - Central,,,2024,,current/verify,,2026-08-20,c092f5b2e77a1b91a1209629706786d0ee13edcbae9c9e259cbc5b4c90821a4c,https://www.mha.gov.in/sites/default/files/2024-08/notificationSFJ_16082024_se.pdf,https://www.mha.gov.in/en/divisionofmha/internal-security-i-division,notificationSFJ_16082024_se.pdf,originals/government/www.mha.gov.in/dfdd83529fba2430/notificationSFJ_16082024_se.pdf,application/pdf,1679417,English,,,,Official Government of India source page
url:4b0a28357898815010a788a551aac9f4dd89429cea47121ebc972af51603cebb,Advisory for restraining misuse of firearms for celebratory purpose dated 17.01.2019,"Ministry of Home Affairs, Government of India - Internal Security-I Division",advisory,India - Central,,,2019,,current/verify,,2026-08-20,fd28ca21fd9e23ed9c3f7d752bfbf3eea23639cd23f8d2d3aab0566a1ea2e194,https://www.mha.gov.in/sites/default/files/2022-10/Advisoryfordated_17012019%5B1%5D.pdf,https://www.mha.gov.in/en/divisionofmha/internal-security-i-division,Advisoryfordated_17012019[1].pdf,originals/government/www.mha.gov.in/4b0a283578988150/Advisoryfordated_17012019[1].pdf,application/pdf,1383082,English,,,,Official Government of India source page
url:3ccf6c1a954c988ae581907b638176340b96d25c5701beec4a19ffede8d8a88e,Grant of Arms Licences for acquisition possession of arms MHA advisory Dated 6.4.2010 and amendments dated 7 10.1.2011,"Ministry of Home Affairs, Government of India - Internal Security-I Division",advisory,India - Central,,,2010,,current/verify,,2026-08-20,194438585eeebb2aa40fe1712497d0148192d2f45c6ecc9dc65340e94209c9ed,https://www.mha.gov.in/sites/default/files/2022-10/GrantofArmsLicences10012011%5B1%5D.pdf,https://www.mha.gov.in/en/divisionofmha/internal-security-i-division,GrantofArmsLicences10012011[1].pdf,originals/government/www.mha.gov.in/3ccf6c1a954c988a/GrantofArmsLicences10012011[1].pdf,application/pdf,212879,English,,,,Official Government of India source page
url:78df14dabddfff65e174753413b1d5c4d1ea23f12f3b06d9bd1f4bbc725ef5d8,Clarification regarding rules10 and 39 of the Arms Rules 2016 17.01.2018,"Ministry of Home Affairs, Government of India - Internal Security-I Division",rule,India - Central,,,2016,,current/verify,,2026-08-20,383843077a1b145f09007922c77b2b8bdc231a81f29bec4001d884440fec8112,https://www.mha.gov.in/sites/default/files/2022-10/Clarificationregardingrules%5B1%5D.pdf,https://www.mha.gov.in/en/divisionofmha/internal-security-i-division,Clarificationregardingrules[1].pdf,originals/government/www.mha.gov.in/78df14dabddfff65/Clarificationregardingrules[1].pdf,application/pdf,593315,English,,,,Official Government of India source page
url:49b50026b4ed8f36a3c48568aa546a119c60fd447851ee14854cad6754d53dfb,Check list of documents to be furnished by a company applying for a new licence issued by MHA for manufacture/proof test/manufacture and proof test of small arms and ammunition up to 12.7mm Caliber as defined under Rule 2(51) of the Arms Rules 2016,"Ministry of Home Affairs, Government of India - Internal Security-I Division",rule,India - Central,,,2016,,current/verify,,2026-08-20,de3872d5ca6fa193d67834909d0b08ee301c08a344de30bba432dae4ffe0e9e2,https://www.mha.gov.in/sites/default/files/2022-10/ISdiv_I_Checklistfortheapplicants_22012020%5B1%5D.pdf,https://www.mha.gov.in/en/divisionofmha/internal-security-i-division,ISdiv_I_Checklistfortheapplicants_22012020[1].pdf,originals/government/www.mha.gov.in/49b50026b4ed8f36/ISdiv_I_Checklistfortheapplicants_22012020[1].pdf,application/pdf,32488,English,,,,Official Government of India source page
url:7fa40b90d8e63d6f11471a87bdf7b46e5d7651c23e1fc0b2a7b53551bb8348c7,Clarification regarding Rule 19 of the Arms Rules 2016 regarding the extension of area validity of arms licence,"Ministry of Home Affairs, Government of India - Internal Security-I Division",rule,India - Central,,,2016,,current/verify,,2026-08-20,72f1e4cadf04d285de5ab0675e0c8c50563885480091fbcf5221ad4cc34cc23c,https://www.mha.gov.in/sites/default/files/2022-10/ClarificationregardingRule19%5B1%5D.PDF,https://www.mha.gov.in/en/divisionofmha/internal-security-i-division,ClarificationregardingRule19[1].PDF,originals/government/www.mha.gov.in/7fa40b90d8e63d6f/ClarificationregardingRule19[1].PDF,application/pdf,23964,English,,,,Official Government of India source page
url:6e4a63579b885b9e0a53a281009478e62d6db6f6e47d7957faab08826cf24320,"Arms Rules, 2016-details of extension of area validity of licence regarding.","Ministry of Home Affairs, Government of India - Internal Security-I Division",rule,India - Central,,,2016,,current/verify,,2026-08-20,2b791a2b73dd43f954d3ed713e02122803f715fed61dd4a57de9766fc06092ab,https://www.mha.gov.in/sites/default/files/2022-10/ArmsRulesAreaValidity_240816%5B1%5D.PDF,https://www.mha.gov.in/en/divisionofmha/internal-security-i-division,ArmsRulesAreaValidity_240816[1].PDF,originals/government/www.mha.gov.in/6e4a63579b885b9e/ArmsRulesAreaValidity_240816[1].PDF,application/pdf,9004,English,,,,Official Government of India source page
url:11c4056cea2ece70e2fbc1c7d2fc444693f7d9aaa8323aa6ecdcd13f3768bc3f,Direction to the applicants to apply afresh in context with their pending applications for PB/ NPB arms licences transfer on heirloom basis/all India validity etc. of arms licences under the Arms Rules 2016,"Ministry of Home Affairs, Government of India - Internal Security-I Division",rule,India - Central,,,2016,,current/verify,,2026-08-20,80f3bef39cc12736764ee9593a217354235fcda0cc5b9ad98a83bd5359aa49b6,https://www.mha.gov.in/sites/default/files/2022-10/Armsrule2016%5B1%5D.PDF,https://www.mha.gov.in/en/divisionofmha/internal-security-i-division,Armsrule2016[1].PDF,originals/government/www.mha.gov.in/11c4056cea2ece70/Armsrule2016[1].PDF,application/pdf,337711,English,,,,Official Government of India source page
url:593e0b55b262d336867bf4785fb40631883b1d1ff57294f3d4b65b238e7b23e0,FAQs related to ARMS RULE 2016 and NDAL-ALIS.,"Ministry of Home Affairs, Government of India - Internal Security-I Division",official_legal_material,India - Central,,,2016,,current/verify,,2026-08-20,d76d00da18fb96c3244a9eea942956565b4e5932712baad93f9d913ed3521927,https://www.mha.gov.in/sites/default/files/2022-10/FAQArmsNDAl%5B1%5D.pdf,https://www.mha.gov.in/en/divisionofmha/internal-security-i-division,FAQArmsNDAl[1].pdf,originals/government/www.mha.gov.in/593e0b55b262d336/FAQArmsNDAl[1].pdf,application/pdf,488169,English,,,,Official Government of India source page
url:0381fcd28f81bde3bba0a9040ef1dc462d15f4e500b3418a989e6d89ab8d01a1,Download,"Department of Revenue, Ministry of Finance, Government of India",official_legal_material,India - Central,,,,,current/verify,,2026-08-20,95b15b3c31a31a766255d0559a75d277f4cd4ef3994452833db378a446299f03,https://dor.gov.in/files/acts_files/Narcotic-Drugs-and-Psychotropic-Substances-Act-1985_0.pdf,https://dor.gov.in/narcotic-drugs-and-psychotropic-substances-act-1985,Narcotic-Drugs-and-Psychotropic-Substances-Act-1985_0.pdf,originals/government/dor.gov.in/0381fcd28f81bde3/Narcotic-Drugs-and-Psychotropic-Substances-Act-1985_0.pdf,application/pdf,4320099,English,,,,Official Government of India source page
url:e3b936cfaa4c804f66c9a0804d6fa88d6a55b7e6ba793b37482c864ec7218639,Download,"Department of Revenue, Ministry of Finance, Government of India",official_legal_material,India - Central,,,,,current/verify,,2026-08-20,861abf8683104a662b65e68c761a87f6c1009af77cc72d93f33a7915c81cf9ee,https://dor.gov.in/files/rules_files/Narcotic-Drugs-and-Psychotropic-Substances-Rules-1985_0_0.pdf,https://dor.gov.in/narcotic-drugs-and-psychotropic-substances-act-1985,Narcotic-Drugs-and-Psychotropic-Substances-Rules-1985_0_0.pdf,originals/government/dor.gov.in/e3b936cfaa4c804f/Narcotic-Drugs-and-Psychotropic-Substances-Rules-1985_0_0.pdf,application/pdf,3098706,English,,,,Official Government of India source page
url:4f4401808c0e02dd4a1fcf5c8c46c29df7fc335d081bbfbb6cfc19f79c600737,"09 Jun The Information Technology Act, 2000 (No. 21 Of 2000) ACT2000","Controller of Certifying Authorities, MeitY, Government of India",act,India - Central,,,2000,,current/verify,,2026-08-20,4e0dd7be87cebd3e5f8cb966a5f973361a4f37f49073ad8aa3436cba501f5514,https://cca.gov.in/sites/files/pdf/ACT/ACT2000.pdf,https://cca.gov.in/eSign_gazette_notification.html,ACT2000.pdf,originals/government/cca.gov.in/4f4401808c0e02dd/ACT2000.pdf,application/pdf,115758,English,,,,Official Government of India source page
url:4ec8b9549576ed070a534f438a8f08bc5cd4234c6cdceab8ca5c242082ba144c,"19 Sep S.O.1015(E) - Information Technology (Removal of Difficulties) Order, 2002 SO1015","Controller of Certifying Authorities, MeitY, Government of India",order,India - Central,,,2002,,current/verify,,2026-08-20,c6f2062f8a4ddef9e03fb86fb719100bd59d6426ff349cc433f0f9d7ef16b103,https://cca.gov.in/sites/files/pdf/ACT/SO1015.pdf,https://cca.gov.in/eSign_gazette_notification.html,SO1015.pdf,originals/government/cca.gov.in/4ec8b9549576ed07/SO1015.pdf,application/pdf,8232,English,,,,Official Government of India source page
url:f621d912fb7147389a57aa072551315e5fb0106d8370f284979377980e12897d,"12 SEP EXEC ORDER Instructions regarding applications of Section 35(3), Section 35(4) and Section 70(1) of Information Technology Act, 2000. EO35(3)-35(4)-70(1)","Controller of Certifying Authorities, MeitY, Government of India",act,India - Central,,,2000,,current/verify,,2026-08-20,d91325d02351994086fd91bae167176e1ab7aad3710ded2eca8d242062e06fea,https://cca.gov.in/sites/files/pdf/ACT/EO35(3)-35(4)-70(1).pdf,https://cca.gov.in/eSign_gazette_notification.html,EO35(3)-35(4)-70(1).pdf,originals/government/cca.gov.in/f621d912fb714738/EO35(3)-35(4)-70(1).pdf,application/pdf,64628,English,,,,Official Government of India source page
url:231c13df5eed149d8a69082239d2e19ae229bbc1425127476f58478baa8d49f4,"05 FEB The Information Technology (Amendment) ACT, 2008 ACT2008","Controller of Certifying Authorities, MeitY, Government of India",act,India - Central,,,2008,,current/verify,,2026-08-20,e918fa508c9689004d91f36fd6587738a62689d0467db838bc50139f9304e0f6,https://cca.gov.in/sites/files/pdf/ACT/ACT2008%20.pdf,https://cca.gov.in/eSign_gazette_notification.html,ACT2008 .pdf,originals/government/cca.gov.in/231c13df5eed149d/ACT2008 .pdf,application/pdf,2404439,English,,,,Official Government of India source page
url:2f2304743335e1e4975808c5b48b77c57832945f0c8e218239db65a56ea11052,26 SEP S.O. 4720(E) amendments to the First Schedule SO4720,"Controller of Certifying Authorities, MeitY, Government of India",notification,India - Central,,,,,current/verify,,2026-08-20,424c14914a9c6da1391d3f6278f11bfa8ccc0aaefe335fa69bcb94589a711c82,https://cca.gov.in/sites/files/pdf/ACT/SO4720.pdf,https://cca.gov.in/eSign_gazette_notification.html,SO4720.pdf,originals/government/cca.gov.in/2f2304743335e1e4/SO4720.pdf,application/pdf,962040,English,,,,Official Government of India source page
url:09213af0118150c6ab186ac699f28863cf58edf07fa35050de5e31c1e75d80dc,"01 MA G.S.R. 176(E) amendment to the Information Technology (Certifying Authorities) Rules, 2000 .( Form C Modification) GSR176","Controller of Certifying Authorities, MeitY, Government of India",rule,India - Central,,,2000,,current/verify,,2026-08-20,00b2ed53f8eba3b281b91f5304be3df0d3a05f462e1f9221c6c729109381113d,https://cca.gov.in/sites/files/pdf/ACT/GSR176.pdf,https://cca.gov.in/eSign_gazette_notification.html,GSR176.pdf,originals/government/cca.gov.in/09213af0118150c6/GSR176.pdf,application/pdf,341230,English,,,,Official Government of India source page
url:744d22e33088cf25fea3f452c0c1f65806d7ee500c1931dc18b8d203167e275c,"27 APR GSR.447(E) Information Technology (Certifying Authorities) Amendment Rules, 2015 ( Form C modification) GSR446-447","Controller of Certifying Authorities, MeitY, Government of India",rule,India - Central,,,2015,,current/verify,,2026-08-20,3e9bb8c6ecfdb3a511ca9283f5a0465fc8a91c29ab2c28a11a0206be4ff47c9c,https://cca.gov.in/sites/files/pdf/ACT/GSR446-447.pdf,https://cca.gov.in/eSign_gazette_notification.html,GSR446-447.pdf,originals/government/cca.gov.in/744d22e33088cf25/GSR446-447.pdf,application/pdf,212839,English,,,,Official Government of India source page
url:62a052696f420afc414d791946a2f4b908e0c80f8aaa6c1facf745779b873509,"30 JUN GSR 539(E) Electronic Signature or Electronic Authentication Technique and Procedure amendment Rules, 2015 .( modification w.r.t. HSM secure storage) GSR539 (eSign)","Controller of Certifying Authorities, MeitY, Government of India",rule,India - Central,,,2015,,current/verify,,2026-08-20,e8b12f65124fb03e92f47b45ac668eef7965ca446a0355f7c53291ae2fe7274d,https://cca.gov.in/sites/files/pdf/ACT/GSR539.pdf,https://cca.gov.in/eSign_gazette_notification.html,GSR539.pdf,originals/government/cca.gov.in/62a052696f420afc/GSR539.pdf,application/pdf,104696,English,,,,Official Government of India source page
url:62010263a6260503287657ffed38c05220f79053a84cdaa135ae01e89bf822b3,"27 JAN Information Technology (Certifying Authorities) Amendment Rules, 2015 ( Form C Modifications) GSR61-62","Controller of Certifying Authorities, MeitY, Government of India",rule,India - Central,,,2015,,current/verify,,2026-08-20,0dabe8f76bf4125abaf65c0b1c755f565003386bd9d9e166e9a8a3544a5c590e,https://cca.gov.in/sites/files/pdf/ACT/GSR61-62.pdf,https://cca.gov.in/eSign_gazette_notification.html,GSR61-62.pdf,originals/government/cca.gov.in/62010263a6260503/GSR61-62.pdf,application/pdf,149786,English,,,,Official Government of India source page
url:a85fe26d6de5b490af851d8d1798d685cbe77cc4eeee22664bd7a2cd52909b13,24 JUL SO 2270(E)- Examiner of Electronic Evidence within Indian Army SO2270,"Controller of Certifying Authorities, MeitY, Government of India",notification,India - Central,,,,,current/verify,,2026-08-20,ae9342c2865667bf644d8f145279bf5b83b3ec7dc1e2b8f498294241ab683967,https://cca.gov.in/sites/files/pdf/ACT/SO2270.pdf,https://cca.gov.in/eSign_gazette_notification.html,SO2270.pdf,originals/government/cca.gov.in/a85fe26d6de5b490/SO2270.pdf,application/pdf,60029,English,,,,Official Government of India source page
url:d0723991776ab9f699bc00d12e433df63b254a76b97cecde69120f19f7f1068b,"25 OCT GSR 783(E)- Information Technology (Certifying Authorities Amendment) Rules, 2011 ( modifications for migrating Hash algorithms & Key Size i.e SHA1 to SHA2, 1024 to 2048/4096) GSR782-783","Controller of Certifying Authorities, MeitY, Government of India",rule,India - Central,,,2011,,current/verify,,2026-08-20,7cb3c11b924d7db5de152860539b8086a845d5becc400612fd83172b169b189c,https://cca.gov.in/sites/files/pdf/ACT/GSR%20782-783.pdf,https://cca.gov.in/eSign_gazette_notification.html,GSR 782-783.pdf,originals/government/cca.gov.in/d0723991776ab9f6/GSR 782-783.pdf,application/pdf,1009486,English,,,,Official Government of India source page
url:19da6d7c6b41ab2b982592777de5d4fafa3d90453f87dd54176f9560214f2af1,"11 APR G.S.R. 316(E)-Information Technology (Electronic Service Delivery) Rules, 2011. GSR316","Controller of Certifying Authorities, MeitY, Government of India",rule,India - Central,,,2011,,current/verify,,2026-08-20,6d6da449a9efe06ca19133998dc9dd60a9eaff8f8b5019f676ccc4a67007606d,https://cca.gov.in/sites/files/pdf/ACT/GSR316.pdf,https://cca.gov.in/eSign_gazette_notification.html,GSR316.pdf,originals/government/cca.gov.in/19da6d7c6b41ab2b/GSR316.pdf,application/pdf,77467,English,,,,Official Government of India source page
url:9eec751693177f5bae49aac820d31d3c770f7bd59644b409e505d30d83844d51,20 JAN S.0.117(E) Designate Group Coordinator Cyber law Division as Procedure and Safeguards for Blocking for Access of Information by Public SO117,"Controller of Certifying Authorities, MeitY, Government of India",notification,India - Central,,,,,current/verify,,2026-08-20,eb3c90a36e058d50d047a459e28f33a6133d252cea23d4e4f536faa58a71f2d4,https://cca.gov.in/sites/files/pdf/ACT/SO117.pdf,https://cca.gov.in/eSign_gazette_notification.html,SO117.pdf,originals/government/cca.gov.in/9eec751693177f5b/SO117.pdf,application/pdf,102235,English,,,,Official Government of India source page
url:745f3ee0b79cf08edd94d66aba1896b7a4f6fa7b19cdd5dbe71bcfc3689802dd,27 OCT SO-2689-Notification- Information Technology (Amendment) Act 2008(10 of 2009) came into force. SO2689,"Controller of Certifying Authorities, MeitY, Government of India",act,India - Central,,,2008,,current/verify,,2026-08-20,10ac52380ec801d39aaa1ecbd0b5da1a5ba53142b1f97311fb0756115622688a,https://cca.gov.in/sites/files/pdf/ACT/SO2689.pdf,https://cca.gov.in/eSign_gazette_notification.html,SO2689.pdf,originals/government/cca.gov.in/745f3ee0b79cf08e/SO2689.pdf,application/pdf,954096,English,,,,Official Government of India source page
url:25f0fdc9343074e9721dac0879035efda2a7b352fae9b6b4fe9b3ec92617ac7d,"27 OCT GSR-782(E)-Information Technology (Procedure and Safeguards for Monitoring and Collecting Traffic Data or Information) Rules, 2009. GSR778-782","Controller of Certifying Authorities, MeitY, Government of India",rule,India - Central,,,2009,,current/verify,,2026-08-20,96a9b135603149b4072a535095a38eeefc6bb683ea8fcf3fb4699622ad3921da,https://cca.gov.in/sites/files/pdf/ACT/GSR778-782.pdf,https://cca.gov.in/eSign_gazette_notification.html,GSR778-782.pdf,originals/government/cca.gov.in/25f0fdc9343074e9/GSR778-782.pdf,application/pdf,13390497,English,,,,Official Government of India source page
url:8a52b57333481eb9a7e30963f3410346e96d30bd2cc62608be66796d268c3923,"05 AUG GSR 566(E)- Information Technology (Certifying Authorities) Amendment Rules, 2009. (MD5-SHA2-Hash Algorithms) GSR566","Controller of Certifying Authorities, MeitY, Government of India",rule,India - Central,,,2009,,current/verify,,2026-08-20,1c32dc7fa2877fc7cc09cb261f6e767dddf02a08b88037550d608f9a1d8e3447,https://cca.gov.in/sites/files/pdf/ACT/GSR566.pdf,https://cca.gov.in/eSign_gazette_notification.html,GSR566.pdf,originals/government/cca.gov.in/8a52b57333481eb9/GSR566.pdf,application/pdf,60295,English,,,,Official Government of India source page
url:dee3398a4299c666485c958c72da2a6bf8bc644c041a33859c04adb39745ca02,"05 OCT GSR 619(E)- Information Technology (Condition of Service of the Controller) Amendment Rules, 2006 ( degradation from Secretary to Additional Secretary) GSR619","Controller of Certifying Authorities, MeitY, Government of India",rule,India - Central,,,2006,,current/verify,,2026-08-20,6e9d3b2e0d821900bf16c42acfe7577a70d9c363581d45d4f4fc6189a55c05c7,https://cca.gov.in/sites/files/pdf/ACT/GSR619.pdf,https://cca.gov.in/eSign_gazette_notification.html,GSR619.pdf,originals/government/cca.gov.in/dee3398a4299c666/GSR619.pdf,application/pdf,25947,English,,,,Official Government of India source page
url:221a0eadea8dffd71e209b0da7f20b8ad217ddc65c2846b5d8d7dbbf6d874674,"18 JAN GSR 32(E)- Information Technology (Certifying Authorities) (Amendment) Rules, 2003 ( Half yearly Internal Audit ) GSR32","Controller of Certifying Authorities, MeitY, Government of India",rule,India - Central,,,2003,,current/verify,,2026-08-20,7e6dda908bfc3a28a4520149ceb6c3bbd5fa9a613ed9ac6b14a0fc299082cf82,https://cca.gov.in/sites/files/pdf/ACT/GSR32.pdf,https://cca.gov.in/eSign_gazette_notification.html,GSR32.pdf,originals/government/cca.gov.in/221a0eadea8dffd7/GSR32.pdf,application/pdf,293458,English,,,,Official Government of India source page
url:f8777867c7368bbc13c266c9f5f394cf2183053ee63b04e01bcb7dd4235b7a27,06 SEP GSR 582(E)-Information Technology(Use Of Electronic Records And Digital Signatures) Rules 2004 GSR582,"Controller of Certifying Authorities, MeitY, Government of India",rule,India - Central,,,2004,,current/verify,,2026-08-20,b9f4ece8d742b90957a3518cde2922bd4a5f7529c200253419a0cfa0b30bcf0d,https://cca.gov.in/sites/files/pdf/ACT/GSR582.pdf,https://cca.gov.in/eSign_gazette_notification.html,GSR582.pdf,originals/government/cca.gov.in/f8777867c7368bbc/GSR582.pdf,application/pdf,639473,English,,,,Official Government of India source page
url:4bd4108ae609bcee2756f5458d872dabba6463ab5ee6b2a533a99311f2fa9fb6,29 OCT GSR 735(E)- Information Technology(Security Procedure) Rules 2004 GSR735,"Controller of Certifying Authorities, MeitY, Government of India",rule,India - Central,,,2004,,current/verify,,2026-08-20,0383f8126f02efad3b563e16f68fb6b974f9b9dadbf7ca8c19310101aab6dae0,https://cca.gov.in/sites/files/pdf/ACT/GSR735.pdf,https://cca.gov.in/eSign_gazette_notification.html,GSR735.pdf,originals/government/cca.gov.in/4bd4108ae609bcee/GSR735.pdf,application/pdf,1122748,English,,,,Official Government of India source page
url:b99491239612c37c518b328e0ea9a133b6f9be75614565d2a1276dbc25340a41,23 APR GSR 285(E)-Amendments in the IT Certifying Authorities rules G.S.R 789(DSC Application Form) GSR285,"Controller of Certifying Authorities, MeitY, Government of India",rule,India - Central,,,,,current/verify,,2026-08-20,a589fa27fecfc73908524985fbcf774e892666cfaa400723602ad0e187ffc6f2,https://cca.gov.in/sites/files/pdf/ACT/GSR285.pdf,https://cca.gov.in/eSign_gazette_notification.html,GSR285.pdf,originals/government/cca.gov.in/b99491239612c37c/GSR285.pdf,application/pdf,2606665,English,,,,Official Government of India source page
url:fdb0e075252bd4dbf69d0df63c30fd13f86637b1d3cef4d638d3aace2a5e36cd,"17 MAR GSR 220(E)-Information Technology (Qualification and Experience of Adjudicating Officers and Manner of Holding Enquiry) Rules, 2003 GSR220","Controller of Certifying Authorities, MeitY, Government of India",rule,India - Central,,,2003,,current/verify,,2026-08-20,219d7b25090a4a7d59704610bb23a974229c6ee2677edccd84b4ed555fced09a,https://cca.gov.in/sites/files/pdf/ACT/GSR220.pdf,https://cca.gov.in/eSign_gazette_notification.html,GSR220.pdf,originals/government/cca.gov.in/fdb0e075252bd4db/GSR220.pdf,application/pdf,388076,English,,,,Official Government of India source page
url:d2ab32c21a40a0599e41b9c5dc87119ce9f11ae8492782b88496264fa2c84459,"21 NOV GSR 902(E)- Information Technology (Certifying Authorities) (Amendment) Rules, 2003 (Bank Guarantee) GSR902","Controller of Certifying Authorities, MeitY, Government of India",rule,India - Central,,,2003,,current/verify,,2026-08-20,f17612bfcc2e0da34790b4b350d6c15f085a5766ec369e8b27c764a2546b0f14,https://cca.gov.in/sites/files/pdf/ACT/GSR902.pdf,https://cca.gov.in/eSign_gazette_notification.html,GSR902.pdf,originals/government/cca.gov.in/d2ab32c21a40a059/GSR902.pdf,application/pdf,124354,English,,,,Official Government of India source page
url:9db5d9b8dbc9f3fcfcc65a036531d55b91b0eb5b689c5d0feed7b5439a63f2c1,"17 MAR GSR 221(E)- Cyber Regulations Appellate Tribunal (Salary, Allowances and other terms and conditions of service of Presiding Officer) Rules, 2003 GSR221","Controller of Certifying Authorities, MeitY, Government of India",rule,India - Central,,,2003,,current/verify,,2026-08-20,d5696032bf834ef7ed9997cfc0815b71c16b48ecfc39b7a06a7693ebd1fdb638,https://cca.gov.in/sites/files/pdf/ACT/GSR221.pdf,https://cca.gov.in/eSign_gazette_notification.html,GSR221.pdf,originals/government/cca.gov.in/9db5d9b8dbc9f3fc/GSR221.pdf,application/pdf,75549,English,,,,Official Government of India source page
url:26a4f9426b2daf5448d1f5b793b7df6413d742d21e4a0a7d76d325f41ef44899,17 MAR Notification2003-Appendix Proforma For Complaint To Adjudicating Officer Under Information Technology ACT – 2000 Notification2003,"Controller of Certifying Authorities, MeitY, Government of India",act,India - Central,,,2000,,current/verify,,2026-08-20,2863112c57cf13a4f55e04f61257c1ee0a34115fea56bdce8d475f0d96d47eb7,https://cca.gov.in/sites/files/pdf/ACT/Notification2003.pdf,https://cca.gov.in/eSign_gazette_notification.html,Notification2003.pdf,originals/government/cca.gov.in/26a4f9426b2daf54/Notification2003.pdf,application/pdf,82636,English,,,,Official Government of India source page
url:ca86f012d63e544f98be9a70911abdd499539638d1a8d2cca130ed2896d53570,25 OCT GSR 838(E)- -Information Technology Act (Conditions Of Service Of Controller ) Rules 2000. GSR838,"Controller of Certifying Authorities, MeitY, Government of India",rule,India - Central,,,2000,,current/verify,,2026-08-20,7d2a41619acb7c48d103a318e25b76e51f103691f79f3fdb7fbef4135e290a65,https://cca.gov.in/sites/files/pdf/ACT/GSR838(E).pdf,https://cca.gov.in/eSign_gazette_notification.html,GSR838(E).pdf,originals/government/cca.gov.in/ca86f012d63e544f/GSR838(E).pdf,application/pdf,2812462,English,,,,Official Government of India source page
url:9eda8fe376735a8b77e460adbdf192d5087d5b45161643bf2687a4385d50ee1a,"17 OCT GSR788(E)- GSR 789(E) Information Technology (Certifying Authorities) Rules, 2000.(HINDI) GSR788-789H","Controller of Certifying Authorities, MeitY, Government of India",rule,India - Central,,,2000,,current/verify,,2026-08-20,7b13ff12cdd417a0e91807eb05c2418a31e49523bdd77888bd73de0dcc2a2e85,https://cca.gov.in/sites/files/pdf/ACT/GSR788-789E.pdf,https://cca.gov.in/eSign_gazette_notification.html,GSR788-789E.pdf,originals/government/cca.gov.in/9eda8fe376735a8b/GSR788-789E.pdf,application/pdf,236611,English,,,,Official Government of India source page
url:130788c959b3a9cc9f9335c2ff701be28a8288280d02851ffe2955a4dd699445,"17 JUL GSR 512(E)- Information Technology (Certifying Authority) Regulations, 2001 GSR512REGULATIONS","Controller of Certifying Authorities, MeitY, Government of India",notification,India - Central,,,2001,,current/verify,,2026-08-20,bf9c106863fa6e76af0c41ca78764f0a2406f76ede157fb6aeab5539680d4287,https://cca.gov.in/sites/files/pdf/ACT/GSR512REGULATIONS.pdf,https://cca.gov.in/eSign_gazette_notification.html,GSR512REGULATIONS.pdf,originals/government/cca.gov.in/130788c959b3a9cc/GSR512REGULATIONS.pdf,application/pdf,49713,English,,,,Official Government of India source page
url:3a114e3c3537959832fbeeabb04fc78eafcc0a7a0966cdc428f584683a37dfa4,"06 APR GSR 204(E) Recognition of Foreign Certifying Authorities operating under a Regulatory Authority) Regulations, 2013. GSR204-205","Controller of Certifying Authorities, MeitY, Government of India",notification,India - Central,,,2013,,current/verify,,2026-08-20,2e914058068fea3e13144335f0c38a49e2e1ff14097e579549bf1a1eda0f0fc4,https://cca.gov.in/sites/files/pdf/ACT/GSR204-205.pdf,https://cca.gov.in/eSign_gazette_notification.html,GSR204-205.pdf,originals/government/cca.gov.in/3a114e3c35379598/GSR204-205.pdf,application/pdf,213782,English,,,,Official Government of India source page
url:311cc45306713e785e69b89b81f376760ba4e16b99962526f5cf411216019680,"The Juvenile Justice (Care and Protection of Children) Act, 2015 29/05/2026 Accessible Version : View (226 KB)","Mission Vatsalya, Government of India / UT Administration",act,India - Central,,29/05/2026,2026,,current/verify,,2026-08-20,2ac79c3465b7f4ed21a716e2c86408f954737f588a71a96c75e51fac2eaeeca0,https://cdnbbsr.s3waas.gov.in/s371e09b16e21f7b6919bbfc43f6a5b2f0/uploads/2026/06/202606162057195409.pdf,https://ddd.gov.in/document-category/mission-vatsalya/,202606162057195409.pdf,originals/government/cdnbbsr.s3waas.gov.in/311cc45306713e78/202606162057195409.pdf,application/pdf,231629,English,,,,Official Government of India source page
url:ee785f3526fa49433ff9ef68dc8ff555ed668d24469d6284f30936a7f6100b46,"The Juvenile Justice (Care and Protection of Children) Model Rules, 2016 29/05/2026 Accessible Version : View (3 MB)","Mission Vatsalya, Government of India / UT Administration",rule,India - Central,,29/05/2026,2026,,current/verify,,2026-08-20,3e450a7e84910cc615aea5dcae7dfcbbac780fb430793ba82ee73eaf825c9f7c,https://cdnbbsr.s3waas.gov.in/s371e09b16e21f7b6919bbfc43f6a5b2f0/uploads/2026/06/20260616761878432.pdf,https://ddd.gov.in/document-category/mission-vatsalya/,20260616761878432.pdf,originals/government/cdnbbsr.s3waas.gov.in/ee785f3526fa4943/20260616761878432.pdf,application/pdf,3163493,English,,,,Official Government of India source page
url:0183956acdcb527d2f499b77157c486b64abe8d65528f4e467fdda857f44e71b,"The Juvenile Justice (Care and Protection of Children) Amendment Act, 2021 29/05/2026 Accessible Version : View (390 KB)","Mission Vatsalya, Government of India / UT Administration",act,India - Central,,29/05/2026,2026,,current/verify,,2026-08-20,9d9bc7a0404f46192cd6f5a945a754570c3feeaef09c8a56944206a90f7ac205,https://cdnbbsr.s3waas.gov.in/s371e09b16e21f7b6919bbfc43f6a5b2f0/uploads/2026/06/202606161127027515.pdf,https://ddd.gov.in/document-category/mission-vatsalya/,202606161127027515.pdf,originals/government/cdnbbsr.s3waas.gov.in/0183956acdcb527d/202606161127027515.pdf,application/pdf,398857,English,,,,Official Government of India source page
url:1ecaf3321214ba8ca8b28ee630a03123e2491bf4505b75c22290dc7a0b1782f4,"The Prohibition of Child Marriage Act, 2005 29/05/2026 Accessible Version : View (240 KB)","Mission Vatsalya, Government of India / UT Administration",act,India - Central,,29/05/2026,2026,,current/verify,,2026-08-20,15ac1b5d4c903a1de48e11efea440a4c610b1cc3dd8085d3798a1ab01e2aacd3,https://cdnbbsr.s3waas.gov.in/s371e09b16e21f7b6919bbfc43f6a5b2f0/uploads/2026/06/202606161015077354.pdf,https://ddd.gov.in/document-category/mission-vatsalya/,202606161015077354.pdf,originals/government/cdnbbsr.s3waas.gov.in/1ecaf3321214ba8c/202606161015077354.pdf,application/pdf,245966,English,,,,Official Government of India source page
url:c387ad5031db3ca66f0b4354f85ce8eb9656974c138cad7f671d01d84d016d9f,"The Commissions for Protection of Child Rights Act, 2005 29/05/2026 Accessible Version : View (4 MB)","Mission Vatsalya, Government of India / UT Administration",act,India - Central,,29/05/2026,2026,,current/verify,,2026-08-20,107d7481eecfc3b5d5c3ad1e3bf5338868ce7a295f0bfc0b14591620a6288937,https://cdnbbsr.s3waas.gov.in/s371e09b16e21f7b6919bbfc43f6a5b2f0/uploads/2026/06/202606162101782483.pdf,https://ddd.gov.in/document-category/mission-vatsalya/,202606162101782483.pdf,originals/government/cdnbbsr.s3waas.gov.in/c387ad5031db3ca6/202606162101782483.pdf,application/pdf,4117930,English,,,,Official Government of India source page
url:060c3de964fc0826d9174d3026185ff9c700d0a259b053cfa7de4e3731679871,"Protection of Children from Sexual Offences (POCSO) (Amendment) Act, 2019 29/05/2026 Accessible Version : View (1 MB)","Mission Vatsalya, Government of India / UT Administration",act,India - Central,,29/05/2026,2026,,current/verify,,2026-08-20,963f696e9c44319785b795e810e4dd97e8e58d5439e603b65effcdf49ad384ea,https://cdnbbsr.s3waas.gov.in/s371e09b16e21f7b6919bbfc43f6a5b2f0/uploads/2026/06/20260616595503040.pdf,https://ddd.gov.in/document-category/mission-vatsalya/,20260616595503040.pdf,originals/government/cdnbbsr.s3waas.gov.in/060c3de964fc0826/20260616595503040.pdf,application/pdf,1134336,English,,,,Official Government of India source page
url:c52f08419e8e782c4e77a35aa7acd6ba352f8c336411bb4051391912c723f441,"Protection of Children from Sexual Offences (POCSO) Rules, 2020 29/05/2026 Accessible Version : View (2 MB)","Mission Vatsalya, Government of India / UT Administration",rule,India - Central,,29/05/2026,2026,,current/verify,,2026-08-20,fc6818e64774da24c8fe6ebe7c267c8c205a993614f89db80204fcd6c1c3ad52,https://cdnbbsr.s3waas.gov.in/s371e09b16e21f7b6919bbfc43f6a5b2f0/uploads/2026/06/202606161124703087.pdf,https://ddd.gov.in/document-category/mission-vatsalya/,202606161124703087.pdf,originals/government/cdnbbsr.s3waas.gov.in/c52f08419e8e782c/202606161124703087.pdf,application/pdf,1682476,English,,,,Official Government of India source page
url:887c356462e3dd0ce81c9911c451191d7c92ac7324c26c09310703ec1a23b94c,"Scheme for Care and Support to Victims under Section 4 & 6 of the Protection of Children from Sexual Offences (POCSO) Act, 2012 29/05/2026 Accessible Version : View (2 MB)","Mission Vatsalya, Government of India / UT Administration",act,India - Central,,29/05/2026,2026,,current/verify,,2026-08-20,f14e64005cbdade9c17d76e4ae47eaf62a623b5b22eef7163598ef5a1e0aefe8,https://cdnbbsr.s3waas.gov.in/s371e09b16e21f7b6919bbfc43f6a5b2f0/uploads/2026/06/202606161363413041.pdf,https://ddd.gov.in/document-category/mission-vatsalya/,202606161363413041.pdf,originals/government/cdnbbsr.s3waas.gov.in/887c356462e3dd0c/202606161363413041.pdf,application/pdf,1921851,English,,,,Official Government of India source page
url:35a09d1757e0bf9d4ddcca71fbd9d689bba5aad62b3c8eb86fc8a7310eab87b3,"Standard Operating Procedure, Child Helpline, Mission Vatsalya 29/05/2026 Accessible Version : View (1 MB)","Mission Vatsalya, Government of India / UT Administration",sop,India - Central,,29/05/2026,2026,,current/verify,,2026-08-20,6a33b7a09778b4df183f39954f803c071419bd675bad1e32d69529f28da2f1ef,https://cdnbbsr.s3waas.gov.in/s371e09b16e21f7b6919bbfc43f6a5b2f0/uploads/2026/06/202606161026044734.pdf,https://ddd.gov.in/document-category/mission-vatsalya/,202606161026044734.pdf,originals/government/cdnbbsr.s3waas.gov.in/35a09d1757e0bf9d/202606161026044734.pdf,application/pdf,1560253,English,,,,Official Government of India source page
url:bdea76b9c2e88d01c262c640d910d9493f87f9d85124ded1f64b3e14ae4a3463,"Legal Education & Professional Training and Proposals for amendments to the Advocates Act, 1961 and the University Grants Commission Act, 1956 2002 Accessible_Part_1(PDF 759KB) | Accessible_Part2(PDF 190KB) | Accessible_Hindi(PDF 9.73MB)",Law Commission of India,act,India - Central,,,1961,,current/verify,,2026-08-20,c64aadc8b687c81d5f5e57df382f86f02970ffdbfe0dce083988c184ce798452,https://cdnbbsr.s3waas.gov.in/s3ca0daec69b5adc880fb464895726dbdf/uploads/2022/08/2022081076.pdf,https://lawcommissionofindia.nic.in/cat_legal_profession/,2022081076.pdf,originals/government/cdnbbsr.s3waas.gov.in/bdea76b9c2e88d01/2022081076.pdf,application/pdf,777375,English,,,,Official Government of India source page
url:8a9d0df0c3b2c83da5663b10323a23f1deab7174bf05351ac7172b7ebe5fdee5,"Legal Education & Professional Training and Proposals for amendments to the Advocates Act, 1961 and the University Grants Commission Act, 1956 2002 Accessible_Part_1(PDF 759KB) | Accessible_Part2(PDF 190KB) | Accessible_Hindi(PDF 9.73MB)",Law Commission of India,act,India - Central,,,1961,,current/verify,,2026-08-20,b7d014323a15aeb66b58454152b091e65a5b2e83c6c5d2149ad1cd1eebf69510,https://cdnbbsr.s3waas.gov.in/s3ca0daec69b5adc880fb464895726dbdf/uploads/2022/08/2022081032.pdf,https://lawcommissionofindia.nic.in/cat_legal_profession/,2022081032.pdf,originals/government/cdnbbsr.s3waas.gov.in/8a9d0df0c3b2c83d/2022081032.pdf,application/pdf,194928,English,,,,Official Government of India source page
url:52131d956e9e13e9c85131b279665cb03b958ccfc300918dfc7fb2b93516f664,"The Advocates Act, 1961 (Regulation of Legal Profession) 2017 Accessible_(PDF 2.09MB) | Accessible_Hindi(PDF 725KB)",Law Commission of India,act,India - Central,,,1961,,current/verify,,2026-08-20,f2da7d675a6d4fed4a9b3597f4fcb6708493f13c05edb5e8645045ac13421afa,https://cdnbbsr.s3waas.gov.in/s3ca0daec69b5adc880fb464895726dbdf/uploads/2022/08/2022081654.pdf,https://lawcommissionofindia.nic.in/cat_legal_profession/,2022081654.pdf,originals/government/cdnbbsr.s3waas.gov.in/52131d956e9e13e9/2022081654.pdf,application/pdf,2196632,English,,,,Official Government of India source page
url:69e3c71b8437a95f92380f984a7c7e625a4627a89cdddcfa66dd5738f773fb3a,"Review Of the Contempt of Courts Act, 1971.(न्यायालयों की अवमानना अधिनियम, 1971 की समीक्षा (अधिनियम, की धरा 2 तक सिमित )) 17 th April 2018 Accessible_(PDF 1.32MB) | Accessible_Hindi(PDF 860KB)",Law Commission of India,act,India - Central,,,1971,,current/verify,,2026-08-20,df0749b5c90382211a018dcbcb38d7a9be8a4ba78a6f5b24fe2845289d87b740,https://cdnbbsr.s3waas.gov.in/s3ca0daec69b5adc880fb464895726dbdf/uploads/2022/08/2022081672.pdf,https://lawcommissionofindia.nic.in/report_twentyfirst/,2022081672.pdf,originals/government/cdnbbsr.s3waas.gov.in/69e3c71b8437a95f/2022081672.pdf,application/pdf,1385573,English,,,,Official Government of India source page
url:57599a616db62fe2f918c0727375ce0a6b0b32b36ab5fc8343e9bd7a071a12ca,"The Constitution of India (English, as on 1 May 2024)","Legislative Department, Ministry of Law and Justice, Government of India",constitution,India - Central,,,2024,,current/verify,,2026-08-20,fe8d68a980c1a28e3ff53331b67c6e915c0f1d3f355d05ec6eeeb2a4f5abf82a,https://www.legislative.gov.in/static/uploads/2025/08/cb1b190ea633a1746368ed1fac35fb30.pdf,https://www.legislative.gov.in/documents,cb1b190ea633a1746368ed1fac35fb30.pdf,originals/government/www.legislative.gov.in/57599a616db62fe2/cb1b190ea633a1746368ed1fac35fb30.pdf,application/pdf,19244332,English,,,,Curated official direct PDF; index page was unavailable or unstable during collection
url:eb8d71131baec32726162decdc8c33c684d54cb4a318407e002feaf711c46fe3,BNSS Handbook for Police Officers,"Bureau of Police Research and Development, Ministry of Home Affairs, Government of India",handbook,India - Central,,,2024,,current/verify,,2026-08-20,93abdc90abdfae30ba06fd20aee9e9f585b5f242f94d8f417e042bd7c71d01d5,https://bprd.nic.in/uploads/pdf/BNSS_Handbook_English.pdf,https://bprd.nic.in/page/new_criminal_laws,BNSS_Handbook_English.pdf,originals/government/bprd.nic.in/eb8d71131baec327/BNSS_Handbook_English.pdf,application/pdf,986189,English,,,,Curated official direct PDF; index page was unavailable or unstable during collection
url:4ba927f55aa1e7e8561dbaa8e70bc8882080d3401ea562248aad8758a68fd3ff,"SOP for Registration of FIR, Zero FIR and e-FIR","Bureau of Police Research and Development, Ministry of Home Affairs, Government of India",sop,India - Central,,,2024,,current/verify,,2026-08-20,88784df3beba244e734775c1a756d4559f4b81169d432237885ea418bc1abe1f,https://bprd.nic.in/uploads/pdf/1720265696_7d2a5fcaa27d7d6f5245.pdf,https://bprd.nic.in/page/sopsstudies,1720265696_7d2a5fcaa27d7d6f5245.pdf,originals/government/bprd.nic.in/4ba927f55aa1e7e8/1720265696_7d2a5fcaa27d7d6f5245.pdf,application/pdf,595829,English,,,,Curated official direct PDF; index page was unavailable or unstable during collection
url:b042d1837b7aca8e858fdab934e7975b40fc85c8d815c5544b2c026cff69ab0b,SOP for Investigation and Prosecution of Rape against Women,"Bureau of Police Research and Development, Ministry of Home Affairs, Government of India",sop,India - Central,,,,,current/verify,,2026-08-20,e6d5b040543f137a86552614136bc3def053b596b8d64eead9c48ff3be6c7ab8,https://bprd.nic.in/uploads/pdf/SOP%20for%20Investigation%20and%20Prosecution%20of%20Rape%20against%20Women%20-Final%20submitted%20%28Revised%29%20to%20JS%20WS%20MHA.pdf,https://bprd.nic.in/page/sopsstudies,SOP for Investigation and Prosecution of Rape against Women -Final submitted (Revised) to JS WS MHA.pdf,originals/government/bprd.nic.in/b042d1837b7aca8e/SOP for Investigation and Prosecution of Rape against Women -Final submitted (Revised) to JS WS MHA.pdf,application/pdf,428881,English,,,,Curated official direct PDF; index page was unavailable or unstable during collection
url:f22b27dbc1c53674bb78893ad37ff586a5aec506f07c7c7ccad1be49fc0b4e78,SOP for Audio-Video Recording of Scene of Crime,"Bureau of Police Research and Development, Ministry of Home Affairs, Government of India",sop,India - Central,,,,,current/verify,,2026-08-20,f308748d3ae3fb87e019be2b5413fc7555120716f17dd36e8701d13d3bbe71a2,https://bprd.nic.in/uploads/pdf/SOP%20of%20Audio%20Video%20Recording%20of%20Scene%20of%20Crime.pdf,https://bprd.nic.in/page/sopsstudies,SOP of Audio Video Recording of Scene of Crime.pdf,originals/government/bprd.nic.in/f22b27dbc1c53674/SOP of Audio Video Recording of Scene of Crime.pdf,application/pdf,7362265,English,,,,Curated official direct PDF; index page was unavailable or unstable during collection
url:31e34eeb3db491239473e31c594f2aee45feda96b490c26d959bc840bfe9bf53,Module for Prosecutors on New Criminal Laws,"Bureau of Police Research and Development, Ministry of Home Affairs, Government of India",training_module,India - Central,,,2024,,current/verify,,2026-08-20,af50d9f38c6d35ec9ba66e377cbcb3705d56ff5f2c6a8db06bd8718906acf2e7,https://bprd.nic.in/uploads/pdf/Module%20for%20Prosectors-%20NCLs.pdf,https://bprd.nic.in/page/new_criminal_laws,Module for Prosectors- NCLs.pdf,originals/government/bprd.nic.in/31e34eeb3db49123/Module for Prosectors- NCLs.pdf,application/pdf,567338,English,,,,Curated official direct PDF; index page was unavailable or unstable during collection
url:f791b76bf544b00ca5f58ea6a88ed1fa3e3b9c1d24e5dea7e9fc400112c802aa,"Handbook on Bharatiya Nyaya Sanhita, 2023 for Police Officers",Bureau of Police Research and Development / Delhi Police,handbook,India - Central,,,2024,,current/verify,,2026-08-20,b049833671f68bb06bdc7a912edcb2629b6d4db16964f66e759e695779978042,https://bprd.nic.in/uploads/pdf/1715852525_852f82459fd399a38f9f.pdf,https://bprd.nic.in/page/new_criminal_laws,1715852525_852f82459fd399a38f9f.pdf,originals/government/bprd.nic.in/f791b76bf544b00c/1715852525_852f82459fd399a38f9f.pdf,application/pdf,722406,English,,,,Curated official direct PDF; index page was unavailable or unstable during collection
url:43b3022232cd5a35d7c7ee6e15ed0a275a11798a02ae6d95302b166b53ed8ee2,"Civil Appeal No.123/2025 06-05-1960 State Of U. P Vs Deoman Upadhyaya J.c. Shah, S.k. Das, J.l. Kapur, M. Hidayatullah The expression ""accused of any offence"" is descriptive of the person against whom evidence relating to information alleged to be given by him is made provable by S.27 of the Evidence Act. It does not predicate a formal accusation against him at the time of making the statement sought to be proved, as a condition of its applicability. In that view, the High Court was in error in holding that s. 27 of the Indian Evidence Act and s. 162, sub-s. (2), of the Code of Criminal Procedure in so far as 'that section relates to s. 27 of the Indian Evidence Act' are void as offending Art. 14 of the Constitution.",Supreme Court of India (official copy curated by High Court of Andhra Pradesh),judgment,India - Central,Supreme Court of India,06-05-1960,1960,,precedential/verify,,2026-08-20,9a8d246706311a5d27cffc13dd8a8ac378828edb91e340940197f1826e8e78ef,https://aphc.gov.in/docs/circulated_judgements/judgment_Civil Appeal_123_1769402032.pdf,https://aphc.gov.in/landmark_judgments.php,judgment_Civil Appeal_123_1769402032.pdf,originals/judgments/supreme_court/aphc_official_curated/43b3022232cd5a35/judgment_Civil Appeal_123_1769402032.pdf,application/pdf,237092,English,,,,Project-relevant Supreme Court decision from the official AP High Court landmark/circulated judgments collection
url:c08ae4932f434dc48478d690929fe105f592a5ee3cf2f38eaff3656f17998def,"Civil Appeal No.1/2025 18-07-1876 Reg Vs Govinda Melvill, J Subject to certain exceptions, culpable homicide is murder, if the act by which the death is caused is done (1) With the intention of causing death; (2) With the intention of causing such bodily injury as the offender knows to be likely to cause the death of the person to whom the harm is caused; (3) With the intention of causing bodily injury to any person, and the bodily injury intended to be inflicted is sufficient in the ordinary course of nature to cause death; (4) With the knowledge that the act is so imminently dangerous that it must in all probability cause death, or such bodily injury as is likely to cause death.",Supreme Court of India (official copy curated by High Court of Andhra Pradesh),judgment,India - Central,Supreme Court of India,,,,precedential/verify,,2026-08-20,9c2d3024ca791e7c37d449c5ba85af2e31501e1590da464d6300013a12fe3ce2,https://aphc.gov.in/docs/circulated_judgements/judgment_Civil Appeal_1_1769401875.pdf,https://aphc.gov.in/landmark_judgments.php,judgment_Civil Appeal_1_1769401875.pdf,originals/judgments/supreme_court/aphc_official_curated/c08ae4932f434dc4/judgment_Civil Appeal_1_1769401875.pdf,application/pdf,29453,English,,,,Project-relevant Supreme Court decision from the official AP High Court landmark/circulated judgments collection
url:5c280a1cd8f29ddcdd2d7aa56cba434cec8fa9c8b402b6957aa93a810768bcb8,"Crl.A. No. No.3816/2024 13-09-2024 Arvind Kejriwal Vs Central Bureau Of Investigation Justice Surya Kant And Justice Ujjal Bhuyan A Division Bench (two judges) of the Supreme Court authored two separate opinions. Both Judges agreed that Mr. Kejriwal should be granted bail. Justice Kant held that the arrest of Mr. Kejriwal when he was in judicial custody in the ED case was not illegal. However, Justice Bhuyan found the CBI’s arrest of Mr. Kejriwal unjustified.Mr. Kejriwal’s bail was made subject to the conditions imposed on him when granting him bail in the ED Case. These conditions were that he would not visit his office or the Delhi Secretariat and he shall not sign official files unless it is required for obtaining approval of the Lieutenant Governor of Delhi.",Supreme Court of India (official copy curated by High Court of Andhra Pradesh),judgment,India - Central,Supreme Court of India,13-09-2024,2024,,precedential/verify,,2026-08-20,48fac9a93bbf0f43e90d4ba42d26576f9a2aa3c4609ed297bb1d2b703ac3e4cc,https://aphc.gov.in/docs/imp_judgements/11b90b55647dfcaace3bf66784935bb2.pdf,https://aphc.gov.in/landmark_judgments.php,11b90b55647dfcaace3bf66784935bb2.pdf,originals/judgments/supreme_court/aphc_official_curated/5c280a1cd8f29ddc/11b90b55647dfcaace3bf66784935bb2.pdf,application/pdf,737951,English,,,,Project-relevant Supreme Court decision from the official AP High Court landmark/circulated judgments collection
url:bd06bc8a31883cb1594fed9de4cdc54329262a62e7d63513ba7aab3b8e847baa,"Crl.A. No. No.2577/2024 15-05-2024 Prabir Purkayastha Vs State (nct Of Delhi) Justice Bhushan R. Gavai, Justice Sandeep Mehta A Division Bench (Two Judges) of the Supreme Court held that the Appellant’s arrest and remand into police custody were invalid because the grounds for arrest were not communicated in writing before the remand. As charges had now been framed against the Appellant, the Appellant was ordered to be released from custody after furnishing bail as required by the trial court. The judgement of the Court was authored by Justice Sandeep Mehta.",Supreme Court of India (official copy curated by High Court of Andhra Pradesh),judgment,India - Central,Supreme Court of India,15-05-2024,2024,,precedential/verify,,2026-08-20,282e4819e598bcc4f9af5f277b950b4301727cc3eae76b4e080f1ad024ab53cb,https://aphc.gov.in/docs/imp_judgements/3ed6024ac51311a1b4d46f5df2df99b2.pdf,https://aphc.gov.in/landmark_judgments.php,3ed6024ac51311a1b4d46f5df2df99b2.pdf,originals/judgments/supreme_court/aphc_official_curated/bd06bc8a31883cb1/3ed6024ac51311a1b4d46f5df2df99b2.pdf,application/pdf,578651,English,,,,Project-relevant Supreme Court decision from the official AP High Court landmark/circulated judgments collection
url:fd9f93e5e9bedb121edbb30bd5efa0071385a8a9581a18f584c5dd313211644b,Crl.A. No. No.886/2024 07-03-2024 Javed Ahmad Hajam Vs The State Of Maharashtra Justice Abhay S. Oka And Justice Ujjal Bhuyan The Supreme Court quashed the FIR registered against the appellant under Section 153-A IPC. The Court held that the right to dissent against government decisions in a legitimate and lawful manner is an integral part of the right to freedom of speech and expression under Article 19(1)(a) of the Constitution. The judgment of the Court was authored by Justice Oka.,Supreme Court of India (official copy curated by High Court of Andhra Pradesh),judgment,India - Central,Supreme Court of India,07-03-2024,2024,,precedential/verify,,2026-08-20,096f5279a884ffe7310e401fd466bc388509ef7bc212bb203f769003ccaaf12c,https://aphc.gov.in/docs/imp_judgements/33e9a065a977037f736eaf5c578f0d2c.pdf,https://aphc.gov.in/landmark_judgments.php,33e9a065a977037f736eaf5c578f0d2c.pdf,originals/judgments/supreme_court/aphc_official_curated/fd9f93e5e9bedb12/33e9a065a977037f736eaf5c578f0d2c.pdf,application/pdf,386110,English,,,,Project-relevant Supreme Court decision from the official AP High Court landmark/circulated judgments collection
url:3b0f3d6dc660df93485cd73c63edc1d9a4a9b7caeb5dd7859858a1100f4d746d,"Crl.A. No. No.2493/2024 12-07-2024 Arvind Kejriwal Vs Directorate Of Enforcement Justice Sanjiv Khanna And Justice Dipankar Datta The Division Bench (Two-Judges) of the Supreme Court granted interim bail to Mr. Kejriwal while referring the legal questions concerning the validity of his arrest to a larger bench. The larger bench will address the issues related to the need and necessity for arrest under Section 19 of the PMLA. Mr. Kejriwal’s interim bail was subject to the following conditions: (i) furnishing a bail bond worth Rs.50,000 with surety; (ii) not visiting his office or signing official documents without approval; (iii) refraining from commenting on the case; and (iv) avoiding contact with witnesses or access to related official files. The judgment was authored by Justice Khanna.",Supreme Court of India (official copy curated by High Court of Andhra Pradesh),judgment,India - Central,Supreme Court of India,12-07-2024,2024,,precedential/verify,,2026-08-20,24f8084eb66e3be2b187f73b05f176729ab25b078aa051d0df6aed4e9ddb1421,https://aphc.gov.in/docs/imp_judgements/9685e66da7ce82bb23ca7c609cfbd002.pdf,https://aphc.gov.in/landmark_judgments.php,9685e66da7ce82bb23ca7c609cfbd002.pdf,originals/judgments/supreme_court/aphc_official_curated/3b0f3d6dc660df93/9685e66da7ce82bb23ca7c609cfbd002.pdf,application/pdf,478099,English,,,,Project-relevant Supreme Court decision from the official AP High Court landmark/circulated judgments collection
url:4ad868d707e807c5f5d8fe003b2921d5c95db24b88aa661c6a6dd46ee9dd1c77,"Crl.A. No. No.1730/2024 11-03-2024 Devu G. Nair Vs The State Of Kerala Chief Justice (dr.) Dhananjaya Y. Chandrachud, Justice Jamshed B. Pardiwala, Justice Manoj Misra The Three-Judge Bench of the Supreme Court found no reason to doubt Ms. Nair’s report and decided not to interfere. However, the Court observed that High Courts should respect people's sexual orientation and identity without trying to undermine or alter them through therapy or other measures. The Constitution protects the rights and dignity of members of the LGBTQ+ community and courts must respect the autonomy of such individuals. The judgement of the Court was authored by Chief Justice D.Y. Chandrachud.The Supreme Court also established guidelines emphasising the importance of prioritising habeas corpus petitions, ensuring privacy, safety, and non-discrimination, promptly releasing detained individuals, and providing immediate police protection. These guidelines are for courts handling cases where the police or family members attempt to intervene with personal relationships that individuals have freely chosen.",Supreme Court of India (official copy curated by High Court of Andhra Pradesh),judgment,India - Central,Supreme Court of India,11-03-2024,2024,,precedential/verify,,2026-08-20,a67c0a0b7460943f4a788f8e8bcb33d5cae793b371423f2a0a4f80f1a6929bac,https://aphc.gov.in/docs/imp_judgements/e16a9c3a66d8f2d167ef14206d093210.pdf,https://aphc.gov.in/landmark_judgments.php,e16a9c3a66d8f2d167ef14206d093210.pdf,originals/judgments/supreme_court/aphc_official_curated/4ad868d707e807c5/e16a9c3a66d8f2d167ef14206d093210.pdf,application/pdf,216638,English,,,,Project-relevant Supreme Court decision from the official AP High Court landmark/circulated judgments collection
url:d133a7ae23062d823b7461926e437307ef9000fd7f047fd4aef24519c7aa53ca,"Crl.A. No. No.2493/2024 10-05-2024 Arvind Kejriwal Vs Directorate Of Enforcement Justice Sanjiv Khanna And Justice Dipankar Datta A Division Bench (Two-Judges) of the Supreme Court held that Mr. Kejriwal should be released on interim bail till 1 June 2024 on certain terms and conditions. First, he will have to surrender to the investigation authorities on 2 June 2024; second, he must furnish bail bonds to the sum of Rs. 50,000; third, he shall not be allowed to visit the Office of the Chief Minister and the Delhi Secretariat; fourth, he shall not sign official files unless it is required and necessary for obtaining approval of the Lieutenant Governor of Delhi; fifth, that he shall not make any comment with regard to his role in the present case; and sixth, he shall not interact with any of the witnesses or have access to any official files connected with the case.",Supreme Court of India (official copy curated by High Court of Andhra Pradesh),judgment,India - Central,Supreme Court of India,10-05-2024,2024,,precedential/verify,,2026-08-20,002a56f3c8800499c56a7c611a328607a19ade58cc65b82a29f331683ea886be,https://aphc.gov.in/docs/imp_judgements/e2703654aa55779485fea1c95ef406a9.pdf,https://aphc.gov.in/landmark_judgments.php,e2703654aa55779485fea1c95ef406a9.pdf,originals/judgments/supreme_court/aphc_official_curated/d133a7ae23062d82/e2703654aa55779485fea1c95ef406a9.pdf,application/pdf,137062,English,,,,Project-relevant Supreme Court decision from the official AP High Court landmark/circulated judgments collection
url:3d21772a64ace279c0730e39d728f5e182f0f29806f36183722c41eb2b7a4d25,"Crl.A. No. No.2357/2024 01-05-2024 Sharif Ahmad Vs The State Of Uttar Pradesh Home Department Secretary Justice Sanjiv Khanna And Justice Sarasa V. Bhatti The Division Bench (two judges) of the Supreme Court allowed the appeal filed by the Appellants and set aside the chargesheet and criminal proceedings against them. The Court held that in this case there was no evidence of entrustment; the property was not handed over in trust, rather, there was a sale. Therefore, there could be no question of a breach of trust under Section 406 IPC. Additionally, there was no material to show intent to cause alarm, necessary for an offence of criminal intimidation under Section 506 IPC, even if the allegations against the Appellants were to be accepted.The Court further elaborated on the necessary contents of a chargesheet, stating that it is considered complete when it includes sufficient material and evidence for the Court to take cognizance and proceed to trial. The Court further stressed the importance of chargesheets containing detailed facts of the offence and the relevant evidence, as mandated by Section 173(2) of the CrPC.",Supreme Court of India (official copy curated by High Court of Andhra Pradesh),judgment,India - Central,Supreme Court of India,01-05-2024,2024,,precedential/verify,,2026-08-20,adcc407abdcc5f79d740e372ac68f9e2849771a77a5fce0462db332f1d3c6595,https://aphc.gov.in/docs/imp_judgements/6b00c393a85fcb30282393c3b1437b41.pdf,https://aphc.gov.in/landmark_judgments.php,6b00c393a85fcb30282393c3b1437b41.pdf,originals/judgments/supreme_court/aphc_official_curated/3d21772a64ace279/6b00c393a85fcb30282393c3b1437b41.pdf,application/pdf,394515,English,,,,Project-relevant Supreme Court decision from the official AP High Court landmark/circulated judgments collection
url:4e4259856d24cddb23e332a2409071dda98edd455ef896672f8d0675c76c6dbf,"SMW(Crl) No. No.2/2024 20-08-2024 In Re: Alleged Rape And Murder Incident Of A Trainee Doctor In R.g. Kar Medical College And Hospital, Kolkata And Related Issues Vs Chief Justice Dhananjaya Y. Chandrachud, Justice Jamshed B. Pardiwala, Justice Manoj Misra The Supreme Court set-up a nine-member National Task Force to create a national protocol for the safety of doctors and medical professionals around the country. The Task Force was required to formulate effective recommendations to address concerns pertaining to safety, working conditions and well-being of medical professionals and other cognate matters. The Task Force’s action plan may be categorized under two heads (I) Preventing violence, including gender-based violence against medical professionals; and (II) Providing an enforceable national protocol for the dignified and safe working conditions for interns, residents, senior residents, doctors, nurses and all medical professionals.The Supreme Court also ordered the CBI to submit a status report by 22 August 2024 on the progress in the investigation. The State of West Bengal was also informed to file a status report by 22 August 2024 on the progress of the investigation on the acts of vandalism which took place at the Hospital in the aftermath of the incident.",Supreme Court of India (official copy curated by High Court of Andhra Pradesh),judgment,India - Central,Supreme Court of India,20-08-2024,2024,,precedential/verify,,2026-08-20,dca19c033daa1b407beb3e75ab1b38b36f2484f4bb332b762e4e896501d5a632,https://aphc.gov.in/docs/imp_judgements/272db0abfc39295d9e02cb11c7dd62f2.pdf,https://aphc.gov.in/landmark_judgments.php,272db0abfc39295d9e02cb11c7dd62f2.pdf,originals/judgments/supreme_court/aphc_official_curated/4e4259856d24cddb/272db0abfc39295d9e02cb11c7dd62f2.pdf,application/pdf,276090,English,,,,Project-relevant Supreme Court decision from the official AP High Court landmark/circulated judgments collection
url:0ee823af4311a18ed28681ca6dac1c3714526cd0ba320525dfa79690fe17b0ab,"Crl.A. No. No.3295/2024 09-08-2024 Manish Sisodia Vs Directorate Of Enforcement Justice Bhushan R Gavai And Justice Kalpathy V Viswanathan. The Division Bench (two judges) of the Supreme Court allowed the appeal and directed the Appellant to be released on bail. The bail was granted subject to the following conditions: (i) furnishing bail bonds for a sum of Rs. 10,00,000/- with two sureties of the like amount; (ii) surrendering passport with the Special Court; (iii) regular reporting to investigation officers; and (iv) the Appellant must not attempt to influence the witnesses or tamper with the evidence. The judgement was authored by Justice Gavai.",Supreme Court of India (official copy curated by High Court of Andhra Pradesh),judgment,India - Central,Supreme Court of India,09-08-2024,2024,,precedential/verify,,2026-08-20,73fd634d914f123b9bc97a88a21e2c8d02086e679527e995ce4f6b9dce432a66,https://aphc.gov.in/docs/imp_judgements/ba687c817bb2aea709357b0617ca1cf7.pdf,https://aphc.gov.in/landmark_judgments.php,ba687c817bb2aea709357b0617ca1cf7.pdf,originals/judgments/supreme_court/aphc_official_curated/0ee823af4311a18e/ba687c817bb2aea709357b0617ca1cf7.pdf,application/pdf,297467,English,,,,Project-relevant Supreme Court decision from the official AP High Court landmark/circulated judgments collection
url:92064e0551b751a3680b0d974fb896de07efd3d64873197814c6d64a78a923d0,"Crl.A. No. No.4011/2024 26-09-2024 V. Senthil Balaji Vs The Deputy Director Justice Abhay S. Oka, Justice Augustine G. Masih The Division Bench (two judges) of the Supreme Court granted bail to the Appellant subject to certain conditions including that he would mark his presence twice a week in the office of Deputy Director, ED in Chennai and he would surrender his passport to the PMLA Court. The judgment of the Court was authored by Justice Oka.",Supreme Court of India (official copy curated by High Court of Andhra Pradesh),judgment,India - Central,Supreme Court of India,26-09-2024,2024,,precedential/verify,,2026-08-20,c9afe778389a3ccf66dc881462d7fdd014836676415a0d8972064c6b4063b13e,https://aphc.gov.in/docs/imp_judgements/a9a43d13cdf382115c1671d9eb3bc541.pdf,https://aphc.gov.in/landmark_judgments.php,a9a43d13cdf382115c1671d9eb3bc541.pdf,originals/judgments/supreme_court/aphc_official_curated/92064e0551b751a3/a9a43d13cdf382115c1671d9eb3bc541.pdf,application/pdf,778489,English,,,,Project-relevant Supreme Court decision from the official AP High Court landmark/circulated judgments collection
url:8c94f8bf5e5baacd5675dba94e7fda6eeb130a90b1c6193c13f5328ecc3ee19a,"Crl.A. No. No.2706/2023 04-09-2023 Ameena Begum Vs The State Of Telangana Justice Surya Kant, Justice Dipankar Datta The Supreme Court quashed the detention order and directed for the release of the detenu. The judgment of the Court was authored by Justice Datta.The Supreme Court also laid down the following guidelines for courts to follow when reviewing preventive detention orders:The authority must consider all relevant circumstances and not rely on extraneous material.The power of preventive detention must be exercised for the intended purpose and not for unauthorised reasons.The detaining authority must act independently and not under external influence.The authority should not disable itself from considering individual cases.The satisfaction must be based on material that demonstrably satisfies statutory mandates.There should be a clear link between past conduct and the need for detention, without relying on stale material.The grounds for detention must be relevant and be shared with the detenu, allowing for representation.The detention process must adhere strictly to the timelines provided by the relevant law.",Supreme Court of India (official copy curated by High Court of Andhra Pradesh),judgment,India - Central,Supreme Court of India,04-09-2023,2023,,precedential/verify,,2026-08-20,d6d5552eb942180644d50e91cd4b6118490100047cc89079df2962e303836282,https://aphc.gov.in/docs/imp_judgements/f723fb6e67dbb974dc66ed3edf550cfc.pdf,https://aphc.gov.in/landmark_judgments.php,f723fb6e67dbb974dc66ed3edf550cfc.pdf,originals/judgments/supreme_court/aphc_official_curated/8c94f8bf5e5baacd/f723fb6e67dbb974dc66ed3edf550cfc.pdf,application/pdf,502060,English,,,,Project-relevant Supreme Court decision from the official AP High Court landmark/circulated judgments collection
url:c63640670b058206c3ee78a899d3e9e4a291d536dcc1a5d9cf73f234d5f14b9d,"Crl.A. No. No.3352/2023 30-10-2023 Manish Sisodia Vs Central Bureau Of Investigation Justice Sanjiv Khanna And Justice Sarasa V. N. Bhatti The Supreme Court refused to grant bail to the Appellant in light of the serious allegations in the chargesheet filed by the ED regarding the offences under the PMLA that the Court found were tentatively supported by evidence. However, the Court unequivocally stated that the Court found all disputed factual and legal issues were left open and will be decided in trial before the Trial Court. The judgment of the Court was authored by Justice Khanna.The Supreme Court gave the Appellant the freedom to file a fresh bail application in case there was a change in circumstances or if the trial proceeded slowly over the next three months. The Court also allowed the Appellant to file interim bail applications in case of any medical or personal or family emergency.",Supreme Court of India (official copy curated by High Court of Andhra Pradesh),judgment,India - Central,Supreme Court of India,30-10-2023,2023,,precedential/verify,,2026-08-20,13bc77588cc480562e00ebc0c213e7189fc33617e4c8cc2c942adec17717ca90,https://aphc.gov.in/docs/imp_judgements/c7acb284f076a02980021a165044eec4.pdf,https://aphc.gov.in/landmark_judgments.php,c7acb284f076a02980021a165044eec4.pdf,originals/judgments/supreme_court/aphc_official_curated/c63640670b058206/c7acb284f076a02980021a165044eec4.pdf,application/pdf,332644,English,,,,Project-relevant Supreme Court decision from the official AP High Court landmark/circulated judgments collection
url:5dc75614c181f5a82877b2b8191bf8429ffed2eb0764ff597470ddca973cf637,"SMW(C) No. No.3/2023 20-08-2024 In Re: Right To Privacy Of Adolescents Vs Justice Abhay S. Oka And Justice Ujjal Bhuyan The Division bench (two judges) of the Supreme Court found the accused guilty of the offence of rape under Section 376(3) and 376(2)(n) of the IPC and Section 6 of the POCSO Act. However, the Supreme Court upheld the High Court’s acquittal of the accused on the charges of kidnapping and abduction under the IPC. The judgement was authored by Justice Oka.The Supreme Court observed that consensual relationships cannot be an exception to the POCSO Act, and the High Courts cannot use their discretionary powers under Section 482 Cr.P.C to quash prosecutions in such cases where the guilt of the accused is confirmed, even if a settlement is reached between the accused and the victim.The Supreme Court directed the State Government to constitute a committee consisting of a clinical psychologist and a social scientist to assess the victim’s situation and help her arrive at an informed decision. The Supreme Court directed the Secretaries of all States and Union Territories to ensure compliance with the POCSO Act and laws related to the welfare of minors.",Supreme Court of India (official copy curated by High Court of Andhra Pradesh),judgment,India - Central,Supreme Court of India,20-08-2024,2024,,precedential/verify,,2026-08-20,4d06c9ff97b42e17f833fda98567adffd5a26e99c5fc14cc2e2186692fdd7317,https://aphc.gov.in/docs/imp_judgements/11a00d8a62df8c95d7ffc991d283819d.pdf,https://aphc.gov.in/landmark_judgments.php,11a00d8a62df8c95d7ffc991d283819d.pdf,originals/judgments/supreme_court/aphc_official_curated/5dc75614c181f5a8/11a00d8a62df8c95d7ffc991d283819d.pdf,application/pdf,457005,English,,,,Project-relevant Supreme Court decision from the official AP High Court landmark/circulated judgments collection
url:ce2879c45d413dc479bc7684f81018ce310bb8c98e021e6238eb95026f3bbb00,"W.P.(Crl.) No. No.491/2022 08-01-2024 Bilkis Yakub Rasool Vs Union Of India Justice B.v. Nagarathna And Justice Ujjal Bhuyan The Supreme Court held that the Writ Petition filed by the Petitioner before the Supreme Court under Article 32 was maintainable. Because the Petitioner-victim’s Writ Petition was held to be maintainable, the Court did not answer the question on whether PIL petitions can be filed by other citizens to challenge remission orders. The Court found that the Government of Gujarat was not competent to pass the remission applications in favour of the convicted-Respondents. Therefore, the Supreme Court quashed the orders granting remission to the eleven convicts as illegal. The Supreme Court observed that the order in the Radheshyam Shah case directing the Government of Gujarat to consider the remission application was legally invalid because it was obtained by fraud. The judgment of the Court was unanimous and was authored by Justice Nagarathna.The eleven released convicts were directed to report back to concerned jail authorities within two weeks.",Supreme Court of India (official copy curated by High Court of Andhra Pradesh),judgment,India - Central,Supreme Court of India,08-01-2024,2024,,precedential/verify,,2026-08-20,fc22e38974c8f631c4114a215b0c226cfbfee7d818ba78a936fc2cc20b294b01,https://aphc.gov.in/docs/imp_judgements/95fb4aaa483f812cbdef25bbde3a1f17.pdf,https://aphc.gov.in/landmark_judgments.php,95fb4aaa483f812cbdef25bbde3a1f17.pdf,originals/judgments/supreme_court/aphc_official_curated/ce2879c45d413dc4/95fb4aaa483f812cbdef25bbde3a1f17.pdf,application/pdf,1365112,English,,,,Project-relevant Supreme Court decision from the official AP High Court landmark/circulated judgments collection
url:beebf1759da4f9fb786176fde53cf3b52651c12f05f2d7c15366671aa32cb9e6,"W.P.(C) No. No.456/2022 11-07-2023 Dr. Jaya Thakur Vs Union Of India Justice Bhushan R. Gavai, Justice Vikram Nath, And Justice Sanjay Karol The Supreme Court affirmed the constitutionality of the Amendments to the DPSE and Vigilance Act. However, the Court ruled that the second and third extensions of Mr. Mishra’s tenure on 17 November 2021 and 17 November 2022 were illegal and in violation of the Supreme Court’s Common Cause decision. The Court directed the Union Government to appoint a new Director for the Enforcement Directorate by 31 July 2023, while Mr. Mishra continues in the role until then. The Three-Judge Bench judgment was authored by Justice B.R. Gavai.",Supreme Court of India (official copy curated by High Court of Andhra Pradesh),judgment,India - Central,Supreme Court of India,11-07-2023,2023,,precedential/verify,,2026-08-20,0d25be66f8c3c2c352996c57f48352d2ce7690a650112fbdd2fff741c6107078,https://aphc.gov.in/docs/imp_judgements/2ee8aa61c31aea0dbead2ac2e867206e.pdf,https://aphc.gov.in/landmark_judgments.php,2ee8aa61c31aea0dbead2ac2e867206e.pdf,originals/judgments/supreme_court/aphc_official_curated/beebf1759da4f9fb/2ee8aa61c31aea0dbead2ac2e867206e.pdf,application/pdf,613699,English,,,,Project-relevant Supreme Court decision from the official AP High Court landmark/circulated judgments collection
url:78ab4c2995c64fb3de1390035078e4c5e390a60dfd3bcb4a02a09f62efcc7a27,"Crl.A. No. No.451/2019 04-03-2024 Sita Soren Vs Union Of India Chief Justice (dr.) Dhananjaya Y. Chandrachud, Justice Ajjikuttira S. Bopanna, Justice M. M. Sundresh, Justice Pamidighantam S. Narasimha, Justice Jamshed B. Pardiwala, Justice Sanjay Kumar, Justice Manoj Misra The Supreme Court unanimously held that legislators are not entitled to immunity under Articles 105(2) and 194(2) of the Constitution of India for engaging in acts of bribery. This Seven Judge Bench overturned the judgment in P.V. Narasimha Rao.The Supreme Court established a dual criterion for determining when lawmakers could be granted immunity under Articles 105(2) and 194(2) of Constitution: first, immunity applied when the activity pertained to a collective function of the legislature, and secondly, the action in question must be inherently linked to the fulfilment of the duty of a legislator. The judgment was authored by Chief Justice D.Y. Chandrachud.",Supreme Court of India (official copy curated by High Court of Andhra Pradesh),judgment,India - Central,Supreme Court of India,04-03-2024,2024,,precedential/verify,,2026-08-20,03085de5237673fa945578abc22eda5b0254249ee87c763b61aba446f39b4555,https://aphc.gov.in/docs/imp_judgements/b0075fb1f466578e678fb35eba9a9502.pdf,https://aphc.gov.in/landmark_judgments.php,b0075fb1f466578e678fb35eba9a9502.pdf,originals/judgments/supreme_court/aphc_official_curated/78ab4c2995c64fb3/b0075fb1f466578e678fb35eba9a9502.pdf,application/pdf,887434,English,,,,Project-relevant Supreme Court decision from the official AP High Court landmark/circulated judgments collection
url:9fef6f0378d12d4ff9b8b2bc28817218c0b1b93dcf824fbb0ec1b2231acb0881,"W.P.(C) No. No.1232/2017 26-09-2018 Swapnil Tripathi Vs Supreme Court Of India Chief Justice Dipak Misra, Justice Ajay M. Khanwilkar, Justice (dr.) Dhananjaya Y. Chandrachud The Supreme Court allowed the petition and held that live streaming of court proceedings should be introduced as a pilot project for cases of constitutional and national importance being heard by the Chief Justice of India. The Court found that live streaming would be an extension of the principle of open courts and access to justice, which will serve diverse stakeholders and the public at large. Justice Khanwilkar authored the majority opinion on behalf of himself and Chief Justice Misra, while Justice Chandrachud authored a separate concurring opinion.The Supreme Court issued model guidelines for live streaming of court proceedings, initially to be implemented at the Supreme Court. The guidelines aimed to balance the principle of open courts with the dignity of court proceedings and the privacy interests of litigants and witnesses.Justice Chandrachud recommended the adoption of live streaming in High Courts and district courts in a phased manner based on the available resources and technical support. The Chief Justices of the High Courts were advised to frame appropriate rules for this purpose, taking into account the model guidelines suggested by the Supreme Court.",Supreme Court of India (official copy curated by High Court of Andhra Pradesh),judgment,India - Central,Supreme Court of India,26-09-2018,2018,,precedential/verify,,2026-08-20,086f5f6d0224447b4e479b6701b7e857c446c94a73f4ed44720d34e12fb8beb2,https://aphc.gov.in/docs/imp_judgements/b689be713e5df4bab4d73a3a76602619.pdf,https://aphc.gov.in/landmark_judgments.php,b689be713e5df4bab4d73a3a76602619.pdf,originals/judgments/supreme_court/aphc_official_curated/9fef6f0378d12d4f/b689be713e5df4bab4d73a3a76602619.pdf,application/pdf,1138412,English,,,,Project-relevant Supreme Court decision from the official AP High Court landmark/circulated judgments collection
url:a6d08bdbe03b8bb7b6ec079fb8c8726925db615cb73db47e999558e6db749b78,"SMC(C) No. No.1/2017 09-05-2017 In Re Vs Honble Mr Justice C.s. Karnan Chief Justice Jagdish S. Khehar, Justice Dipak Misra, Justice Jasti Chelameswar, Justice Ranjan Gogoi, Justice Madan B. Lokur, Justice Pinaki C. Ghose, And Justice Kurian Joseph The Seven Judge Bench of the Supreme Court found Justice Karnan guilty of contempt, sentenced him to six months imprisonment, and held that his allegations against various judges and the judiciary in general were malicious and defamatory. The Court held that the conduct of Justice Karnan constituted criminal contempt, which both scandalised the court and interfered with the administration of justice.The judgment of the Court was authored by Chief Justice Khehar. Justice Chelameswar wrote a separate concurring judgment for himself and Justice Gogoi.",Supreme Court of India (official copy curated by High Court of Andhra Pradesh),judgment,India - Central,Supreme Court of India,09-05-2017,2017,,precedential/verify,,2026-08-20,4117c3b9da049777a90c2d061b529693e091fe64d935d69153c80990df4c05a7,https://aphc.gov.in/docs/imp_judgements/32f986fd7d907eba490296b70940ba30.pdf,https://aphc.gov.in/landmark_judgments.php,32f986fd7d907eba490296b70940ba30.pdf,originals/judgments/supreme_court/aphc_official_curated/a6d08bdbe03b8bb7/32f986fd7d907eba490296b70940ba30.pdf,application/pdf,381920,English,,,,Project-relevant Supreme Court decision from the official AP High Court landmark/circulated judgments collection
url:2d785a56d3f8b048df424992c7acd647dc66cca109c3da584fd7faf95a41671c,"Civil Appeal No. No.20825/2017 14-07-2020 Arjun Panditrao Khotkar Vs Kailash Kushanrao Gorantyal And Ors. R.f. Nariman, S. Ravindra Bhat And V. Ramasubramanian, Jj. We may reiterate, therefore, that the certificate required under Section 65B(4) is a condition precedent to the admissibility of evidence by way of electronic record, as correctly held in Anvar P.V. (supra), and incorrectly “clarified” in Shafhi Mohammed (supra). Oral evidence in the place of such certificate cannot possibly suffice as Section 65B(4) is a mandatory requirement of the law. Indeed, the hallowed principle in Taylor v. Taylor (1876) 1 Ch.D 426, which has been followed in a number of the judgments of this Court, can also be applied. Section 65B(4) of the Evidence Act clearly states that secondary evidence is admissible only if lead in the manner stated and not otherwise. To hold otherwise would render Section 65B(4) otiose.",Supreme Court of India (official copy curated by High Court of Andhra Pradesh),judgment,India - Central,Supreme Court of India,14-07-2020,2020,,precedential/verify,,2026-08-20,15ed3e36fbf50159c5d04b1edc6a02676e969d0fd7b382566dc57f9b4c317e77,https://aphc.gov.in/docs/imp_judgements/Arjun Panditrao Khotkar _ Kailash Kushanrao Gorantyal And Ors._1701334263.pdf,https://aphc.gov.in/landmark_judgments.php,Arjun Panditrao Khotkar _ Kailash Kushanrao Gorantyal And Ors._1701334263.pdf,originals/judgments/supreme_court/aphc_official_curated/2d785a56d3f8b048/Arjun Panditrao Khotkar _ Kailash Kushanrao Gorantyal And Ors._1701334263.pdf,application/pdf,913182,English,,,,Project-relevant Supreme Court decision from the official AP High Court landmark/circulated judgments collection
url:4c4513e24a7717d1a90b597d43ad6c9eb73cef76ffb9a86ecec2cf68213b8d88,"C.A. No. No.2357/2017 11-05-2023 Govt. Of Nct Of Delhi Vs Union Of India Chief Justice (dr.) Dhananjaya Y. Chandrachud, Justice Mukeshkumar R. Shah, Justice Krishna Murari, Justice Hima Kohli, Justice Pamidighantam S. Narasimha The Supreme Court held that the GNCTD had legislative and executive power over the “services” under Entry 41 of List II of the Schedule VII of the Constitution. Thus, in cases regarding civil services and the power to supervise or exercise control over the transfer or suspension of civil servants, the Lt. Governor of NCT of Delhi would be bound by the aid and advice of the Council of Ministers of the GNCTD. However, because Article 239AA confers the Union Government with exclusive legislative power over public order, police, and land in Delhi, the Court held that the Union Government shall exercise power over civil services relating to these specific areas of governance. The decision of the Court was authored by Chief Justice Chandrachud.",Supreme Court of India (official copy curated by High Court of Andhra Pradesh),judgment,India - Central,Supreme Court of India,11-05-2023,2023,,precedential/verify,,2026-08-20,0947858548c251f357fd872d943b305d66fa166543eb87fd91b40ac8b9713381,https://aphc.gov.in/docs/imp_judgements/701bd00bf9e962bde3cfbbf37b42ae9c.pdf,https://aphc.gov.in/landmark_judgments.php,701bd00bf9e962bde3cfbbf37b42ae9c.pdf,originals/judgments/supreme_court/aphc_official_curated/4c4513e24a7717d1/701bd00bf9e962bde3cfbbf37b42ae9c.pdf,application/pdf,581355,English,,,,Project-relevant Supreme Court decision from the official AP High Court landmark/circulated judgments collection
url:236fe824e1931ef985b74cef5227296b892d2fe843f0c45341c8f71203617068,"W.P.(C) No. No.754/2016 17-07-2018 Tehseen S. Poonawalla Vs Union Of India Chief Justice Dipak Misra, Justice Ajay M. Khanwilkar, Justice (dr.) Dhananjaya Y. Chandrachud A Three-Judge Bench of the Supreme Court unanimously held that the act of lynching is unlawful. No individual has the authority to enforce the law and punish fellow citizens by their own hands. The Court held that it is the task of the law to provide a procedure for arrest, investigation, and trial. The State is obligated to ensure the protection of the fundamental rights and liberties of every individual, regardless of their race, caste, class, or religion. The State is also responsible for promoting a secular, inclusive, and diverse societal framework. Further, the Court issued guidelines to curb the menace of vigilantism. However, the Court did not address the constitutional validity of the immunity provisions in the statutes challenged. The judgment was authored by Chief Justice Misra.",Supreme Court of India (official copy curated by High Court of Andhra Pradesh),judgment,India - Central,Supreme Court of India,17-07-2018,2018,,precedential/verify,,2026-08-20,87d828056eff71b278002c8d079aa7eb0f5e756841f8daff45bb44724599366a,https://aphc.gov.in/docs/imp_judgements/74b242d663c5c508310ec6d78585711b.pdf,https://aphc.gov.in/landmark_judgments.php,74b242d663c5c508310ec6d78585711b.pdf,originals/judgments/supreme_court/aphc_official_curated/236fe824e1931ef9/74b242d663c5c508310ec6d78585711b.pdf,application/pdf,362953,English,,,,Project-relevant Supreme Court decision from the official AP High Court landmark/circulated judgments collection
url:12f2d63202c34a3b16879dbae0eeb3ce3a82b8fd5fd641fd623b5c75b1ca27f6,"W.P.(Crl.) No. No.113/2016 03-01-2023 Kaushal Kishor Vs The State Of Uttar Pradesh Govt. Of U.p. Home Secretary Justice Syed A. Nazeer, Justice Bhushan R. Gavai, Justice Ajjikuttira S. Bopanna, Justice V. Ramasubramanian, Justice B. V. Nagarathna The Supreme Court found that the grounds enumerated in Article 19(2) for restricting the right to free speech were exhaustive, and that free speech cannot be restricted for reasons not found in Article 19(2). The Court held that Articles 19 and 21 could be enforced against non-State actors (e.g., other citizens or private companies). It also found that the State has an affirmative duty to protect a person’s rights under Article 21, even against non-State actors.The Court held that a statement made by a Minister about State affairs, could not be attributed to the Government. It also held that a mere statement by a Minister which undermined the fundamental rights of a person or citizen would not be actionable unless it led to an act or omission of public officers that caused harm or loss to the person or citizen. The judgment of the Court was authored by Justice Ramasubramanian. Justice Nagarathna wrote a separate opinion which dissented on certain issues.The Constitution Bench of the Supreme Court directed that the petition from Uttar Pradesh and the appeal from Kerala be listed before regular benches of the Court to be decided in accordance with the principles laid down by the Constitution Bench.",Supreme Court of India (official copy curated by High Court of Andhra Pradesh),judgment,India - Central,Supreme Court of India,03-01-2023,2023,,precedential/verify,,2026-08-20,fb1d535a8e862f05a2077764b221ad833fc62b761de0f9910f80b25cd861f037,https://aphc.gov.in/docs/imp_judgements/22c17adbc40e55761162a7f52b44fcb0.pdf,https://aphc.gov.in/landmark_judgments.php,22c17adbc40e55761162a7f52b44fcb0.pdf,originals/judgments/supreme_court/aphc_official_curated/12f2d63202c34a3b/22c17adbc40e55761162a7f52b44fcb0.pdf,application/pdf,1716251,English,,,,Project-relevant Supreme Court decision from the official AP High Court landmark/circulated judgments collection
url:93e13dbc4c8c17083c2a1a13d6279b6287c923cd50985c39e143c99c16c34597,"Criminal Appeal No. No.1277/2014 Arnesh Kumar Vs State Of Bihar & Anr Chandramauli Kr. Prasad And Pinaki Chandra Ghose We are of the opinion that if the provisions of Section 41, Cr.PC which authorises the police officer to arrest an accused without an order from a Magistrate and without a warrant are scrupulously enforced, the wrong committed by the police officers intentionally or unwittingly would be reversed and the number of cases which come to the Court for grant of anticipatory bail will substantially reduce. We would like to emphasise that the practice of mechanically reproducing in the case diary all or most of the reasons contained in Section 41 Cr.PC for effecting arrest be discouraged and discontinued.",Supreme Court of India (official copy curated by High Court of Andhra Pradesh),judgment,India - Central,Supreme Court of India,,,,precedential/verify,,2026-08-20,f2cf583abca63039b7becd6af0fbb5add6ae3e99078ec7ae9a530ce089dfe66b,https://aphc.gov.in/docs/imp_judgements/Arnesh Kumar Vs. State of Bihar.pdf,https://aphc.gov.in/landmark_judgments.php,Arnesh Kumar Vs. State of Bihar.pdf,originals/judgments/supreme_court/aphc_official_curated/93e13dbc4c8c1708/Arnesh Kumar Vs. State of Bihar.pdf,application/pdf,472216,English,,,,Project-relevant Supreme Court decision from the official AP High Court landmark/circulated judgments collection
url:040940ef8a71f4dd4b0ab3e97468480798dd521d8527118ae24573d50e7cc6f3,"Civil Appeal No. No.4226/2012 14-09-2014 Anvar P.v. Vs P.k. Basheer And Ors. ([r.m. Lodha, Cji, Kurian Joseph And Rohinton Fali Nariman, Jj. The evidence relating to electronic record, as noted herein before, being a special provision, the general law on secondary evidence under Section 63 read with Section 65 of the Evidence Act shall yield to the same. Generalia specialibus non derogant, special law will always prevail over the general law. It appears, the court omitted to take note of Sections 59 and 65A dealing with the admissibility of electronic record. Sections 63 and 65 have no application in the case of secondary evidence by way of electronic record; the same is wholly governed by Sections 65A and 65B. To that extent, the statement of law on admissibility of secondary evidence pertaining to electronic record, as stated by this court in Navjot Sandhu case (supra), does not lay down the correct legal position. It requires to be overruled and we do so. An electronic record by way of secondary evidence shall not be admitted in evidence unless the requirements under Section 65B are satisfied.",Supreme Court of India (official copy curated by High Court of Andhra Pradesh),judgment,India - Central,Supreme Court of India,14-09-2014,2014,,precedential/verify,,2026-08-20,8bed34f869275359e917dfa624eb59ff182ad58e04ab2a06b774027d039c57c4,https://aphc.gov.in/docs/imp_judgements/Anvar PV case.pdf,https://aphc.gov.in/landmark_judgments.php,Anvar PV case.pdf,originals/judgments/supreme_court/aphc_official_curated/040940ef8a71f4dd/Anvar PV case.pdf,application/pdf,722212,English,,,,Project-relevant Supreme Court decision from the official AP High Court landmark/circulated judgments collection
url:8d422b2cd906b01d1b69e0f88511d657ce12fca9fc1da4ba0d0bfa998926fc45,"Crl.A. No. No.2003/2012 02-08-2019 Ritesh Sinha Vs State Of Uttar Pradesh Chief Justice Ranjan Gogoi, Justice Deepak Gupta, Justice Sanjiv Khanna The Three-Judge Bench of the Supreme Court, relying on State of Bombay v. Kathi Kalu Oghad (1961 INSC 229) (“Kathi Kalu”), held that the prohibition against self-incrimination under Article 20(3) of the Constitution would not be violated if the accused is compelled to provide voice samples. Being compelled to produce purely forensic evidence such as thumb impressions, fingerprints or handwriting is not self-incriminatory, and thus does not violate Article 20(3). Only oral or written testimony based on personal knowledge of the accused is protected from compelled disclosure. The Supreme Court, relying on its extraordinary powers under Article 142 of the Constitution to do ‘complete justice’ (including filling in gaps in statutes) held that a judicial magistrate must be granted authority to order a person to give a voice sample. The judgment of the Court was authored by Chief Justice Gogoi",Supreme Court of India (official copy curated by High Court of Andhra Pradesh),judgment,India - Central,Supreme Court of India,02-08-2019,2019,,precedential/verify,,2026-08-20,3e2d813c7ac675c62444949fceb28a92fef6206625ae73f9b96f0ab7d6f94a5c,https://aphc.gov.in/docs/imp_judgements/91c994601f4956b768d72abb7a6cc2c1.pdf,https://aphc.gov.in/landmark_judgments.php,91c994601f4956b768d72abb7a6cc2c1.pdf,originals/judgments/supreme_court/aphc_official_curated/8d422b2cd906b01d/91c994601f4956b768d72abb7a6cc2c1.pdf,application/pdf,282247,English,,,,Project-relevant Supreme Court decision from the official AP High Court landmark/circulated judgments collection
url:7d0885869b919ad88a7243ac2189667f8b1e04969c3bc656f5aabf2459ffdd04,"W.P.(C) No. No.494/2012 24-08-2017 Justice K.s.puttaswamy(retd) Vs Union Of India Chief Justice Jagdish S. Khehar, Justice Jasti Chelameswar, Justice Sharad A. Bobde, Justice Rajesh K. Agrawal, Justice Rohinton F. Nariman, Justice Abhay M. Sapre, Justice (dr.) Dhananjaya Y. Chandrachud, Justice Sanjay K. Kaul, Justice Syed A. Nazeer The Nine-Judge Bench wrote five opinions. All nine judges unanimously upheld the right to privacy as a part of the right to life and personal liberty under Article 21 of the Constitution, and a protected right across the fundamental freedoms guaranteed under Part III of the Constitution (Fundamental Rights). The Supreme Court held that privacy is inherent and inseparable from dignified human existence. A majority of judges agreed that an individual's privacy can only be interfered with by a measure based on a law, is necessary to secure a legitimate government interest, and the interference with privacy is proportionate to the government’s objective. Justice Chandrachud authored a plurality opinion on behalf of Chief Justice Khehar, Justice Agrawal, Justice Nazeer, and himself. Justice Chelameswar, Justice Bobde, Justice Nariman, Justice Kaul, and Justice Sapre all authored separate concurring opinions.",Supreme Court of India (official copy curated by High Court of Andhra Pradesh),judgment,India - Central,Supreme Court of India,24-08-2017,2017,,precedential/verify,,2026-08-20,abbbdd515ab42c791f06f36242f72858f3b0dd98e96ebe08fed1370b05f738ab,https://aphc.gov.in/docs/imp_judgements/4640394338f01b21e05dc8971513fb7a.pdf,https://aphc.gov.in/landmark_judgments.php,4640394338f01b21e05dc8971513fb7a.pdf,originals/judgments/supreme_court/aphc_official_curated/7d0885869b919ad8/4640394338f01b21e05dc8971513fb7a.pdf,application/pdf,3059899,English,,,,Project-relevant Supreme Court decision from the official AP High Court landmark/circulated judgments collection
url:89ea538530498a6ea860f3d1a437c346ecf7d6e86f5078c0c25a0f6bdb65cd36,"Crl.A. No. No.1215/2011 18-03-2024 Navas @ Mulanavas Vs State Of Kerala Justice Bhushan R. Gavai, Justice Kalpathy V. Viswanathan, Justice Sandeep Mehta The Three Judge Bench of the Supreme Court upheld the Appellant’s conviction but reduced the sentence for the offence of murder from thirty years without remission, to twenty-five years without remission, including the period already served. The judgement of the Court was authored by Justice Viswanathan.The Supreme Court illustratively laid down the aggravating and mitigating circumstances for determining the minimum sentence (without remission) to be imposed while commuting a death sentence. In the present case, the Court held that the relatively young age of the Appellant when he committed the crime (twenty eight years), the absence of any financial motive, and no attempt to escape from the crime scene, were mitigating factors. The fact that the decision primarily relied on circumstantial evidence and the Appellant had already served more than eighteen years in jail while showcasing positive conduct throughout, further influenced the decision to reduce the sentence.",Supreme Court of India (official copy curated by High Court of Andhra Pradesh),judgment,India - Central,Supreme Court of India,18-03-2024,2024,,precedential/verify,,2026-08-20,dfd7c5aeeeb3dec829741322f18b200070ced0465f94d7794d3cebfd67a1358d,https://aphc.gov.in/docs/imp_judgements/7692bca2843021354bb0ba0ad6e86359.pdf,https://aphc.gov.in/landmark_judgments.php,7692bca2843021354bb0ba0ad6e86359.pdf,originals/judgments/supreme_court/aphc_official_curated/89ea538530498a6e/7692bca2843021354bb0ba0ad6e86359.pdf,application/pdf,472365,English,,,,Project-relevant Supreme Court decision from the official AP High Court landmark/circulated judgments collection
url:c39428a70445103c06087ce59a85baa3f32124b482cef4f6ef76220032176143,"Crl.A. No. No.377/2007 11-09-2023 C.b.i. Vs Dr. R.r. Kishore Justice Sanjay K. Kaul, Justice Sanjiv Khanna, Justice Abhay S. Oka, Justice Vikram Nath, Justice Jitendra K. Maheshwari The Supreme Court held that the declaration in Subramanian Swamy will have retrospective effect, and Section 6A of DSPE Act will not have legal effect from its date of insertion, i.e. 11 September 2003. The Court ruled that once a law is declared unconstitutional then it would be void ab initio (i.e., treated as not having any legal effect from the day it was enacted). As a result, Section 6A will offer no protection to senior civil servants even if their investigation began prior to the Supreme Court’s judgment in 2014. The judgment of the Court was authored by Justice Vikram Nath.",Supreme Court of India (official copy curated by High Court of Andhra Pradesh),judgment,India - Central,Supreme Court of India,11-09-2023,2023,,precedential/verify,,2026-08-20,204dad8e9313625cd5e8651e5874826ae3fe4d2318ff36e5ec2d7a44041a7f2f,https://aphc.gov.in/docs/imp_judgements/a627d761d0438a780074d633662e239a.pdf,https://aphc.gov.in/landmark_judgments.php,a627d761d0438a780074d633662e239a.pdf,originals/judgments/supreme_court/aphc_official_curated/c39428a70445103c/a627d761d0438a780074d633662e239a.pdf,application/pdf,443568,English,,,,Project-relevant Supreme Court decision from the official AP High Court landmark/circulated judgments collection
url:d28938d2f0d6b3cc9f3a549c9e2692d215a3834cd7246ea57566364f27454e0c,"MA 1699/2019 in W.P.(C) No. No.215/2005 24-01-2023 Common Cause (a Regd. Society) Director Sh. H.d. Shourie Vs Union Of India (a) Ministry Of Health And Family Welfare Secretary Justice Kuttiyilm. Joseph, Justice Ajay Rastogi, Justice Aniruddha Bose, Justice Hrishikesh Roy, Justice Chudalayil T. Ravikumar The Constitution Bench (five judges) modified the Common Cause judgment dated 9 March 2018, and simplified the procedure for executing AMDs, such as significantly reducing the role of Judicial Magistrate First Class. The objective was to streamline the process to address practical challenges encountered during the implementation of the directives. The judgment of the Court was authored by Justice Joseph.",Supreme Court of India (official copy curated by High Court of Andhra Pradesh),judgment,India - Central,Supreme Court of India,24-01-2023,2023,,precedential/verify,,2026-08-20,5a18ebf8cafc7be7525c3f042fdbe6e430500296b23f1f7bbae179f76a74cd7e,https://aphc.gov.in/docs/imp_judgements/afbce78e529525d9f7687e89ba50d28a.pdf,https://aphc.gov.in/landmark_judgments.php,afbce78e529525d9f7687e89ba50d28a.pdf,originals/judgments/supreme_court/aphc_official_curated/d28938d2f0d6b3cc/afbce78e529525d9f7687e89ba50d28a.pdf,application/pdf,136136,English,,,,Project-relevant Supreme Court decision from the official AP High Court landmark/circulated judgments collection
url:4d404ba4b61a6226321a7f807ca853adc0fdde8a584e9daff3a468f3daeca2d1,"Criminal Appeal No. No.159/1959 K. M. Nanavati Vs State Of Maharashtra Justice S.k. Das,justice Raghubar Dayal The misdirection according to the learned Judge was that the Sessions Judge in his charge did not tell the jury that the sudden confession of the wife to the accused did not in law amount to sudden and grave provocation by the deceased, and instead he left the entire question to be decided by the jury.",Supreme Court of India (official copy curated by High Court of Andhra Pradesh),judgment,India - Central,Supreme Court of India,,,,precedential/verify,,2026-08-20,115b0c49ee4cf1ac869de605ba801c0a57b6de09309ee807f89a6d5b82448444,https://aphc.gov.in/docs/imp_judgements/K_M_Nanavati_vs_State_Of_Maharashtra.PDF,https://aphc.gov.in/landmark_judgments.php,K_M_Nanavati_vs_State_Of_Maharashtra.PDF,originals/judgments/supreme_court/aphc_official_curated/4d404ba4b61a6226/K_M_Nanavati_vs_State_Of_Maharashtra.PDF,application/pdf,409780,English,,,,Project-relevant Supreme Court decision from the official AP High Court landmark/circulated judgments collection
url:3a6034cc7810e48fea64947e4ede0a16b7d52bab23fcbba7663ea9518bb93626,"PC Appeal No. No.81/1938 Pakala Narayana Swami Vs King Emperor Justice Atkin Moreover a confession must either admit in terms the offence, or at any rate substantially all the facts which constitute the offence.",Supreme Court of India (official copy curated by High Court of Andhra Pradesh),judgment,India - Central,Supreme Court of India,,,,precedential/verify,,2026-08-20,6bf2708bc540db0f1f85c05d573d838ea85e03af6b78b8d9568156f7f74ab96d,https://aphc.gov.in/docs/imp_judgements/Pakala_Narayana_Swami_vs_Emperor_on_19_January_1939.PDF,https://aphc.gov.in/landmark_judgments.php,Pakala_Narayana_Swami_vs_Emperor_on_19_January_1939.PDF,originals/judgments/supreme_court/aphc_official_curated/3a6034cc7810e48f/Pakala_Narayana_Swami_vs_Emperor_on_19_January_1939.PDF,application/pdf,263405,English,,,,Project-relevant Supreme Court decision from the official AP High Court landmark/circulated judgments collection
url:86de7d875a0960500936538b7875da2003690aceb058f1a8cfa4963c40e80edb,"NA No.0/0 19-12-1946 Pulukuri Kottaya Vs King-emperor John Beaumont Section 27, which is not artistically worded, provides an exception to the prohibition imposed by the preceding section, and enables certain statements made by a person in police custody to be proved. The condition necessary to bring the section into operation is that the discovery of a fact in consequence of information received from a person accused of any offence in the custody of a Police officer must be deposed to, and thereupon so much of the information as relates distinctly to the fact thereby discovered may be proved.",Supreme Court of India (official copy curated by High Court of Andhra Pradesh),judgment,India - Central,Supreme Court of India,19-12-1946,1946,,precedential/verify,,2026-08-20,d94fe623f89444b15f557c348f232438005054c80835fc80246903659618c72d,https://aphc.gov.in/docs/imp_judgements/pk_vs_ke.pdf,https://aphc.gov.in/landmark_judgments.php,pk_vs_ke.pdf,originals/judgments/supreme_court/aphc_official_curated/86de7d875a096050/pk_vs_ke.pdf,application/pdf,145186,English,,,,Project-relevant Supreme Court decision from the official AP High Court landmark/circulated judgments collection
url:df916b104037f1e8e19c224ee46e64815ef2519d44a49dc3e02f98c56ce46983,"SLP (Criminal) No.1613/2026 23-03-2026 Sunny Chauhan Vs State Of Haryana The Chief Justice Of India, Justice Joymalya Bagchi, Justice Vipul M. Pancholi Instructions to Honble High Courts for speedy disposal of Bail, Anticipatory bail and suspension of sentence petitions - request the Hon’ble Chief Justices to revisit the roster/listing arrangements",Supreme Court of India (official copy curated by High Court of Andhra Pradesh),judgment,India - Central,Supreme Court of India,23-03-2026,2026,,precedential/verify,,2026-08-20,7b3dd39e914b42e841cad1a48ed796e32fa915be87bb78b6a8c0810a1e8cad53,https://aphc.gov.in/docs/circulated_judgements/judgment_SLPCRL_1613_2026.pdf,https://aphc.gov.in/circulated_judgments.php,judgment_SLPCRL_1613_2026.pdf,originals/judgments/supreme_court/aphc_official_curated/df916b104037f1e8/judgment_SLPCRL_1613_2026.pdf,application/pdf,48375,English,,,,Project-relevant Supreme Court decision from the official AP High Court landmark/circulated judgments collection
url:d85cedac6f61dd2ef5b4c320de4df33ec3e7b677d07137e06b58078cc84ab9de,"Writ Petition (Civil) No.1082/2020 26-02-2026 Suhas Chakma Vs Union Of India & Ors. Justice Mehta Directed to issue practice direction to the effect that all courts including the High Court while furnishing the copy of the judgment of conviction/dismissal/reversal of acquittal/dismissal of bail applications, may append a coversheet to the judgment informing the convict about the availability of free legal aid facilities for pursuing higher remedies. The coversheet may set out the contact address and phone number of the legal aid committee attached to the court for seeking appropriate guidance. Similar information may be made available in the notices issued to the respondents by the concerned courts in appeals against acquittal. The High Courts may on their webpage carry information about the legal aid facilities available in the State.”",Supreme Court of India (official copy curated by High Court of Andhra Pradesh),judgment,India - Central,Supreme Court of India,26-02-2026,2026,,precedential/verify,,2026-08-20,e7bb6aff61d4d0fe7fe8ad6024e4d82a5c1c5ef033d49369490ab0f28eb29c2a,https://aphc.gov.in/docs/circulated_judgements/judgment_WPC_1082_2020.pdf,https://aphc.gov.in/circulated_judgments.php,judgment_WPC_1082_2020.pdf,originals/judgments/supreme_court/aphc_official_curated/d85cedac6f61dd2e/judgment_WPC_1082_2020.pdf,application/pdf,895239,English,,,,Project-relevant Supreme Court decision from the official AP High Court landmark/circulated judgments collection
url:c176dd482efc2451c575d63e4981d3ab34b1d2aa6144ba7f144768f4593bd7d9,"SLP (Criminal) No.71965/2025 08-01-2026 Vijay Kumar & Ors. Vs State Of Rajasthan Justice J.b. Pardiwala & Justice K.v. Viswanathan Directions to High Court for expeditious disposal of the petitions wherein intermorders are passed holding up the trial more particularly in sensitive and serious matters like murder, dowry death and rape etc",Supreme Court of India (official copy curated by High Court of Andhra Pradesh),judgment,India - Central,Supreme Court of India,08-01-2026,2026,,precedential/verify,,2026-08-20,f9dd21870df6be508fb1f508e9e0f98a66d2afc044eb5e0aa24ae04f3d495a4f,https://aphc.gov.in/docs/circulated_judgements/judgment_SLPCRL_71965_2025.pdf,https://aphc.gov.in/circulated_judgments.php,judgment_SLPCRL_71965_2025.pdf,originals/judgments/supreme_court/aphc_official_curated/c176dd482efc2451/judgment_SLPCRL_71965_2025.pdf,application/pdf,73707,English,,,,Project-relevant Supreme Court decision from the official AP High Court landmark/circulated judgments collection
url:c81d441af10c84a4d519c6ecaad141b3787bbd475ca3136a58d593b4fe03485c,"CRIMINAL APPEAL NOs No.5400/2025 11-12-2025 Central Bureau Of Investigation Vs Dayamoy Mahato Etc. Justice Sanjay Karol And Nongmeikapam Kotiswar Singh Applicability of Section 436A CrPC in offences punishable with death, balancing Article 21 rights with national security concerns in UAPA cases, prolonged incarceration of undertrial prisoners, and directions for expeditious trial in cases involving reverse burden of proof statutes.",Supreme Court of India (official copy curated by High Court of Andhra Pradesh),judgment,India - Central,Supreme Court of India,11-12-2025,2025,,precedential/verify,,2026-08-20,2cb7fda2f20feab31f078696113a69c023c946b5a64ee078d46494ded78c6470,https://aphc.gov.in/docs/circulated_judgements/judgment_CRIMINAL APPEAL NOs_5400_1781767261.pdf,https://aphc.gov.in/circulated_judgments.php,judgment_CRIMINAL APPEAL NOs_5400_1781767261.pdf,originals/judgments/supreme_court/aphc_official_curated/c81d441af10c84a4/judgment_CRIMINAL APPEAL NOs_5400_1781767261.pdf,application/pdf,492946,English,,,,Project-relevant Supreme Court decision from the official AP High Court landmark/circulated judgments collection
url:90fd2a985033e1d7ec18bcc01eace64ab86d81573c3eef1b725ec8dfccbd8204,"Transfer Petition (Criminal) No.1100/2025 28-11-2025 Jai Balaji Industries Ltd. & Ors. Vs M/s Heg Ltd. Justice J.b. Pardiwala Jurisdiction and transfer of Cheque dishonour cases: continuation of proceedings post evidence stage under Section 138 NI Act - principles governing territorial jurisdiction and transfer of proceedings under Sections 138, 142(2) & 142A of the Negotiable Instruments Act, 1881 - Transfer of pending complaint cases after commencement of evidence: Clarification of Law on Jurisdiction - “Jurisdiction of Payee’s Bank and Continuity of trial in Section 138 proceedings: Supreme Court guidelines - “Doctrine of Continuity in trial proceedings despite jurisdictional defect in Cheque bounce cases - once evidence begins, trial must continue: Supreme court on Jurisdiction and transfer in Section 138 NI Act Case.",Supreme Court of India (official copy curated by High Court of Andhra Pradesh),judgment,India - Central,Supreme Court of India,28-11-2025,2025,,precedential/verify,,2026-08-20,d4eaa0a98f40f95f6665aa11247fbf7a15436b0b47424e9e4691db88d3bc1ee1,https://aphc.gov.in/docs/circulated_judgements/judgment_TP_1100_2025.pdf,https://aphc.gov.in/circulated_judgments.php,judgment_TP_1100_2025.pdf,originals/judgments/supreme_court/aphc_official_curated/90fd2a985033e1d7/judgment_TP_1100_2025.pdf,application/pdf,582127,English,,,,Project-relevant Supreme Court decision from the official AP High Court landmark/circulated judgments collection
url:c7b0a84fc05c7ee52822f2ba8cc17a727f9cecc2503d87fae2ef79a759182e07,Criminal Appeal No.1755/2010 25-09-2025 Sanjabij Tari Vs Kishore S. Borcar & Anr. Justice Manmohan Guidelines for compounding of Cheque bounce cases,Supreme Court of India (official copy curated by High Court of Andhra Pradesh),judgment,India - Central,Supreme Court of India,25-09-2025,2025,,precedential/verify,,2026-08-20,877ed12a3c747776b81ec003576bdfcac934a783119307459f45b0fa354b704d,https://aphc.gov.in/docs/circulated_judgements/judgment_CA_1755_2010.pdf,https://aphc.gov.in/circulated_judgments.php,judgment_CA_1755_2010.pdf,originals/judgments/supreme_court/aphc_official_curated/c7b0a84fc05c7ee5/judgment_CA_1755_2010.pdf,application/pdf,341245,English,,,,Project-relevant Supreme Court decision from the official AP High Court landmark/circulated judgments collection
url:918f7a1898bb586dadddc1cc309e92b71e2edf72ed29c6e707196f21d9d450d4,"SLP (Crl.) No.969/2025 22-09-2025 The Central Bureau Of Investigation Vs Mir Usman @ Ara @ Mir Usman Ali Justice J.b. Pardiwala, Justice K.v.viswanathan Directed all the High Courts to issue a circular on administrative side for continuous trial of criminal cases.",Supreme Court of India (official copy curated by High Court of Andhra Pradesh),judgment,India - Central,Supreme Court of India,22-09-2025,2025,,precedential/verify,,2026-08-20,a7faa74ba126c58cfa7eeb4ad52f33efa27667135056d6a1b643ab8966de9b74,https://aphc.gov.in/docs/circulated_judgements/judgment_SLP (Crl.)_969_1779446950.pdf,https://aphc.gov.in/circulated_judgments.php,judgment_SLP (Crl.)_969_1779446950.pdf,originals/judgments/supreme_court/aphc_official_curated/918f7a1898bb586d/judgment_SLP (Crl.)_969_1779446950.pdf,application/pdf,1151194,English,,,,Project-relevant Supreme Court decision from the official AP High Court landmark/circulated judgments collection
url:766ec39e8b5b0ac0ac816a6687e48d14dba833dc734e9ed99e587759b1ea246b,Criminal Appeal No. No.4004/2025 12-09-2025 Anna Waman Bhalerao Vs State Of Maharashtra Justice J.b. Pardiwala And Justice R. Mahadevan Certain directions issued for disposal of bail and anticipatory bail applications – Needs to be circulated to the stake holders.,Supreme Court of India (official copy curated by High Court of Andhra Pradesh),judgment,India - Central,Supreme Court of India,12-09-2025,2025,,precedential/verify,,2026-08-20,5fd23d9328264c70ccc0b767dfe7eabc91a6347d9573ba08b501cd2afaf09618,https://aphc.gov.in/docs/circulated_judgements/judgment_Criminal Appeal No._4004_1782195780.pdf,https://aphc.gov.in/circulated_judgments.php,judgment_Criminal Appeal No._4004_1782195780.pdf,originals/judgments/supreme_court/aphc_official_curated/766ec39e8b5b0ac0/judgment_Criminal Appeal No._4004_1782195780.pdf,application/pdf,569731,English,,,,Project-relevant Supreme Court decision from the official AP High Court landmark/circulated judgments collection
url:308746385cf5a35c7e0490b88bb89f5b3ec8fd4d4ba7bb593c4b172e6e711fd8,"Criminal Appeal No.3528/2025 14-08-2025 State Of Karnataka Vs Sri Darshan Etc. Justice R. Mahadevan No one is above the law: principles governing bail, equality before law, and accountability of Influential accused -influence of accused, and protection of fair trial.",Supreme Court of India (official copy curated by High Court of Andhra Pradesh),judgment,India - Central,Supreme Court of India,14-08-2025,2025,,precedential/verify,,2026-08-20,7d0df4b5362225e80dd163d90d28d1f28f76b58b7e33e6357edec6b0808d770f,https://aphc.gov.in/docs/circulated_judgements/judgment_CA_3528_2025.pdf,https://aphc.gov.in/circulated_judgments.php,judgment_CA_3528_2025.pdf,originals/judgments/supreme_court/aphc_official_curated/308746385cf5a35c/judgment_CA_3528_2025.pdf,application/pdf,584429,English,,,,Project-relevant Supreme Court decision from the official AP High Court landmark/circulated judgments collection
url:57111b0322027ba75c06ceefa68ae9f3b23682d25a56dfabb2b10b7a26acedae,"SLP (Criminal) No.10010/2025 05-08-2025 Kallu Nat Alias Mayank Kumar Nagar Vs State Of U.p. And Anr. Justice J.b. Pardiwala Principles governing cognizance of offences, committal of cases, and power to summon additional accused under the Code of Criminal Procedure",Supreme Court of India (official copy curated by High Court of Andhra Pradesh),judgment,India - Central,Supreme Court of India,05-08-2025,2025,,precedential/verify,,2026-08-20,862fff057175f6a15282740dca6066ab3cb0108fe5bb1684bbf3d88ba6680ad6,https://aphc.gov.in/docs/circulated_judgements/judgment_SLPCRL_10010_2025.pdf,https://aphc.gov.in/circulated_judgments.php,judgment_SLPCRL_10010_2025.pdf,originals/judgments/supreme_court/aphc_official_curated/57111b0322027ba7/judgment_SLPCRL_10010_2025.pdf,application/pdf,573101,English,,,,Project-relevant Supreme Court decision from the official AP High Court landmark/circulated judgments collection
url:6c09bb97850ebc2ba3c3acbfe0c6c7b270344dc1dba4b59c978b50db10a311fe,"Criminal Appeal No.3343/2025 05-08-2025 Narayan Yadav Vs State Of Chhattisgarh Justice J.b. Pardiwala Legal analysis of Sec.304 IPC, applicability of exceptions to Section 300 IPC, and grounds for acquittal.",Supreme Court of India (official copy curated by High Court of Andhra Pradesh),judgment,India - Central,Supreme Court of India,05-08-2025,2025,,precedential/verify,,2026-08-20,85c3d959fc349bf01734d785c0fc6b60aa02d896eb1882d4c10e2f66be8af1b7,https://aphc.gov.in/docs/circulated_judgements/judgment_CA_3343_2025.pdf,https://aphc.gov.in/circulated_judgments.php,judgment_CA_3343_2025.pdf,originals/judgments/supreme_court/aphc_official_curated/6c09bb97850ebc2b/judgment_CA_3343_2025.pdf,application/pdf,259883,English,,,,Project-relevant Supreme Court decision from the official AP High Court landmark/circulated judgments collection
url:db1c2ab81604ff00d29aeb94ae7ed548411f616227ce96b4654229e2ae562278,"Criminal Appeal No.3830/2025 02-08-2025 Phireram Vs State Of Uttar Pradesh & Anr. Justice J.b. Pardiwala Directed to disseminate among the stake holders –Solicits directions – Reg. if the Central or the State tax authority, as the case may be finds that the matter being inquired into or investigated by it is already the subject of inquiry or investigation by another authority, both authorities shall decide inter-se which of them shall continue with the inquiry or investigation.",Supreme Court of India (official copy curated by High Court of Andhra Pradesh),judgment,India - Central,Supreme Court of India,02-08-2025,2025,,precedential/verify,,2026-08-20,c9ba0ec06f3b000ffc46a323dc00fe4529054427d869403ceb554c34587b7613,https://aphc.gov.in/docs/circulated_judgements/judgment_CA_3830_2025.pdf,https://aphc.gov.in/circulated_judgments.php,judgment_CA_3830_2025.pdf,originals/judgments/supreme_court/aphc_official_curated/db1c2ab81604ff00/judgment_CA_3830_2025.pdf,application/pdf,266181,English,,,,Project-relevant Supreme Court decision from the official AP High Court landmark/circulated judgments collection
url:a3680cfc7d657fe5460febc621dcea8bc83e7713694b9578fcae04b00614bd57,Criminal Appeal No.3219/2025 28-07-2025 Gajanan Dattatray Gore Vs State Of Maharashtra & Anr. Justice J.b. Pardiwala Directions prohibiting grant of Bail based on monetary undertakings and emphasizing merit-based consideration,Supreme Court of India (official copy curated by High Court of Andhra Pradesh),judgment,India - Central,Supreme Court of India,28-07-2025,2025,,precedential/verify,,2026-08-20,c8176e89b70e55846520bad1af1e51cbe30f2e0fdc739a2d94ed82e52c6f9d04,https://aphc.gov.in/docs/circulated_judgements/judgment_CA_3219_2025.pdf,https://aphc.gov.in/circulated_judgments.php,judgment_CA_3219_2025.pdf,originals/judgments/supreme_court/aphc_official_curated/a3680cfc7d657fe5/judgment_CA_3219_2025.pdf,application/pdf,213579,English,,,,Project-relevant Supreme Court decision from the official AP High Court landmark/circulated judgments collection
url:7021b815e9bbe128b3c8f408554ce7d28d0fe27cc767bbef678a817cc967f680,"Criminal Appeal No.1672/2019 15-07-2025 Kattavellai @ Devakar Vs State Of Tamil Nadu Justice Sanjay Karol Guidelines for collection, preservation, transportation, and maintenance of register of Chain of Custody of DNA Evidence in Criminal Investigations.",Supreme Court of India (official copy curated by High Court of Andhra Pradesh),judgment,India - Central,Supreme Court of India,15-07-2025,2025,,precedential/verify,,2026-08-20,81274c70c7932d16a1294ca1b125404f68c96011acdd09c0a16e437b3e92c6c5,https://aphc.gov.in/docs/circulated_judgements/judgment_CA_1672_2019.pdf,https://aphc.gov.in/circulated_judgments.php,judgment_CA_1672_2019.pdf,originals/judgments/supreme_court/aphc_official_curated/7021b815e9bbe128/judgment_CA_1672_2019.pdf,application/pdf,448357,English,,,,Project-relevant Supreme Court decision from the official AP High Court landmark/circulated judgments collection
url:d0aacf76c6e6c7f00b392bff215d7eb5fd82acf23bfd35c31d24e09f97e88aed,"Criminal Appeal No.1319/2013 17-04-2025 Directorate Of Revenue Intelligence Vs Raj Kumar Arora & Ors. Justice J.b. Pardiwala Narcotic Drugs and Psychotropic Substances Act, 1985 (NDPS Act) – Scope, Interpretation, and Retrospective Application of Judicial Decisions - The interpretation of Section 8 of the NDPS Act, as clarified in Sanjeev V. Deshpande v. State, is to be applied retrospectively. The Court reaffirmed the general rule that judicial decisions operate retrospectively unless expressly limited. The absence of any invocation of the doctrine of prospective overruling in Sanjeev V. Deshpande indicates legislative intent to apply the interpretation to both past and pending cases. Consequently, all pending cases, including those instituted prior to the said decision, shall be governed by this interpretation. Retrospective application of the ruling does not violate Article 20(1) of the Constitution, as it does not create a new offence but merely clarifies the existing legal position. Overruling a prior judgment does not amount to enacting an ex post facto law, particularly where the interpretation is reasonable and foreseeable particularly where the interpretation is reasonable and foreseeable.",Supreme Court of India (official copy curated by High Court of Andhra Pradesh),judgment,India - Central,Supreme Court of India,17-04-2025,2025,,precedential/verify,,2026-08-20,f69337281782759c8f0f91c5a29fa4196eb9179634054b6b28b4cade74623714,https://aphc.gov.in/docs/circulated_judgements/judgment_CA_1319_2013.pdf,https://aphc.gov.in/circulated_judgments.php,judgment_CA_1319_2013.pdf,originals/judgments/supreme_court/aphc_official_curated/d0aacf76c6e6c7f0/judgment_CA_1319_2013.pdf,application/pdf,1099967,English,,,,Project-relevant Supreme Court decision from the official AP High Court landmark/circulated judgments collection
url:f8261cf1b235c534561978d21c14d0a5d34a9e004cffe4ed639a6012c2b99211,"Crl.A. No. No.3589/2023 29-02-2024 High Court Bar Association Allahabad Vs The State Of Uttar Pradesh Chief Justice (dr.) Dhananjaya Y. Chandrachud, Justice Abhay S. Oka, Justice Jamshed B. Pardiwala, Justice Pankaj Mithal, Justice Manoj Misra The Constitution Bench unanimously held that an automatic expiration of interim orders after a period of six months is impermissible. Further, the Court held that issuing blanket directions that the High Courts should hear all cases where interim stays are operating on a daily basis and decide them within a stipulated time frame was beyond the powers of the Supreme Court’s jurisdiction under Article 142 of the Constitution to do complete justice. The judgment of the Court was authored by Justice Oka, while Justice Mithal wrote a separate concurring opinion.",Supreme Court of India (official copy curated by High Court of Andhra Pradesh),judgment,India - Central,Supreme Court of India,29-02-2024,2024,,precedential/verify,,2026-08-20,36ed37d45bc4e7bdce9e9edf5a066c3738ecb0b074da4c6cd5c3026ceecad439,https://aphc.gov.in/docs/imp_judgements/78c7bb459f0610d87ea78b243101c81e.pdf,https://aphc.gov.in/landmark_judgments.php,78c7bb459f0610d87ea78b243101c81e.pdf,originals/judgments/supreme_court/aphc_official_curated/f8261cf1b235c534/78c7bb459f0610d87ea78b243101c81e.pdf,application/pdf,710042,English,,,,Project-relevant Supreme Court decision from the official AP High Court landmark/circulated judgments collection
url:54683590fe06b37f8406172cad547baf751ce1f5a35f4ef1544f228d255d4f16,"W.P.(Crl.) No. No.194/2017 27-09-2018 Joseph Shine Vs Union Of India chief Justice Dipak Misra, Justice Rohinton F Nariman, Justice Ajay M Khanwilkar, Justice Dhananjaya Y Chandrachud, Justice Indu Malhotra The Constitution Bench (five judges) of the Supreme Court unanimously struck down Section 497 of IPC as unconstitutional because it violated the principles of equality, gender discrimination, and personal autonomy under Articles 14, 15 and 21 of the Constitution of India. The Court also held that Section 198(2) of the CrPC was unconstitutional when read with Section 497 of the IPC. Chief Justice Misra authored a plurality opinion (on behalf of Justice Khanwilkar and himself), while Justice Nariman, Justice Chandrachud, and Justice Malhotra wrote separate but concurring opinions.",Supreme Court of India (official copy curated by High Court of Andhra Pradesh),judgment,India - Central,Supreme Court of India,27-09-2018,2018,,precedential/verify,,2026-08-20,d83252ed67d4594153704ee769144f74dc6bd26d35f80aa0227d3031beb260fc,https://aphc.gov.in/docs/imp_judgements/0cbb49285db5d3e6ce69d3f2f6a4ea19.pdf,https://aphc.gov.in/landmark_judgments.php,0cbb49285db5d3e6ce69d3f2f6a4ea19.pdf,originals/judgments/supreme_court/aphc_official_curated/54683590fe06b37f/0cbb49285db5d3e6ce69d3f2f6a4ea19.pdf,application/pdf,1793870,English,,,,Project-relevant Supreme Court decision from the official AP High Court landmark/circulated judgments collection
url:4416eb5f227d8fc07f18a5cca4db235b35282549bed327449f98985dd99c71f9,"MA 2204/2020 in W.P.(Crl.) No. No.194/2017 31-01-2023 Joseph Shine Vs Union Of India Secretary Justice Kuttiyil M. Joseph, Justice Ajay Rastogi, Justice Aniruddha Bose, Justice Hrishikesh Roy, Justice Chudalayil T. Ravikumar The Supreme Court unanimously held that its decision in the 2018 Joseph Shine case did not consider whether the invalidation of Section 497 of the IPC applied to the Army Act, Air Force Act or Navy Act that governed the armed forces. Thus, the striking down of adultery under the IPC did not affect proceedings against members of the armed forces under the Army Act, Air Force Act or Navy Act. Justice Joseph authored the judgment of the Court.",Supreme Court of India (official copy curated by High Court of Andhra Pradesh),judgment,India - Central,Supreme Court of India,31-01-2023,2023,,precedential/verify,,2026-08-20,dc5f04a5d5bcb7632326265ce3a5a6859561a625cd39e195e09bb6ab1a77bb53,https://aphc.gov.in/docs/imp_judgements/f0644b27df8a76d8a67b18e0dcf5294d.pdf,https://aphc.gov.in/landmark_judgments.php,f0644b27df8a76d8a67b18e0dcf5294d.pdf,originals/judgments/supreme_court/aphc_official_curated/4416eb5f227d8fc0/f0644b27df8a76d8a67b18e0dcf5294d.pdf,application/pdf,90958,English,,,,Project-relevant Supreme Court decision from the official AP High Court landmark/circulated judgments collection
url:c94688997c46cd13f287979e21bdc3008d43daee4193a011cad2421418b61571,"C.A. No. No.7332/2024 11-07-2024 Md. Rahim Ali @ Abdur Rahim Vs The State Of Assam Justice Vikram Nath, Justice Ahsanuddin Amanullah The Supreme Court found that the authorities did not possess any material to question the nationality of the Appellant. It recognised the Appellant as an Indian citizen. The judgment of the Court was authored by Justice Amanullah.",Supreme Court of India (official copy curated by High Court of Andhra Pradesh),judgment,India - Central,Supreme Court of India,11-07-2024,2024,,precedential/verify,,2026-08-20,1a2f8b5bdba1361888b59c961628eb465d5a6d71b9e728963dcbe33ea325f67e,https://aphc.gov.in/docs/imp_judgements/39e94db69fa45a54a8b03178182193ab.pdf,https://aphc.gov.in/landmark_judgments.php,39e94db69fa45a54a8b03178182193ab.pdf,originals/judgments/supreme_court/aphc_official_curated/c94688997c46cd13/39e94db69fa45a54a8b03178182193ab.pdf,application/pdf,325609,English,,,,Project-relevant Supreme Court decision from the official AP High Court landmark/circulated judgments collection
url:79d3e8652aa2ba1dc38296728879471b8fbf7ef09e5299658b05d9ac02c9944e,"CIVIL APPEAL No.969/2023 10-02-2023 Bar Council Of India Vs Bonnie Foi Law College Justice Sanjay K. Kaul, Justice Sanjiv Khanna, Justice Abhay S. Oka, Justice Vikram Nath, Justice J Itendra K. Maheshwari The Supreme Court held that the BCI has the power to prescribe a post-enrolment examination like the All India Bar Examination as a necessary condition to practice as an advocate. The Court held that the BCI also has the power to prescribe a pre-enrolment examination or necessary pre-enrolment training as a condition for practicing as an advocate. The Court declared that the decision in V. Sudeer was incorrect. The judgment of the Court was authored by Justice Sanjay K. Kaul.",Supreme Court of India (official copy curated by High Court of Andhra Pradesh),judgment,India - Central,Supreme Court of India,10-02-2023,2023,,precedential/verify,,2026-08-20,12275a94d2ff1278b3bf3e0d4bd476144571e71dce9e57b7ea7c3d56a2d598ee,https://aphc.gov.in/docs/imp_judgements/a79af8855bc3029e1ccbce53122f1256.pdf,https://aphc.gov.in/landmark_judgments.php,a79af8855bc3029e1ccbce53122f1256.pdf,originals/judgments/supreme_court/aphc_official_curated/79d3e8652aa2ba1d/a79af8855bc3029e1ccbce53122f1256.pdf,application/pdf,271112,English,,,,Project-relevant Supreme Court decision from the official AP High Court landmark/circulated judgments collection
url:25fac3969cd9ff8e20d650092587a2a4d04346275837ee6b44a993e100a5d56f,"W.P.(C) No. No.1404/2023 03-10-2024 Sukanya Shantha Vs Union Of India Chief Justice Dr. Dhananjaya Y. Chandrachud, Justice Jamshed B. Pardiwala, Justice Manoj Mishra A Three Judge Bench of the Supreme Court held that the challenged Prison Manual provisions were unconstitutional and violated the following articles of the Constitution: Article 14 (equality), Article 15 (prohibition of caste discrimination), Article 17 (abolition of untouchability), Article 21 (life and liberty), and Article 23 (forced labour). The Court ordered the States to revise their prison manuals within three months. It also asked for a status report from the states. The judgment of the Court was authored by Chief Justice Chandrachud.",Supreme Court of India (official copy curated by High Court of Andhra Pradesh),judgment,India - Central,Supreme Court of India,03-10-2024,2024,,precedential/verify,,2026-08-20,f6982684d6edebfe18ac1cd2d61792592829c4cff39020b59a6e13dc4e771398,https://aphc.gov.in/docs/imp_judgements/e7c18c4a0897ddb4dc687b2e9233e9b4.pdf,https://aphc.gov.in/landmark_judgments.php,e7c18c4a0897ddb4dc687b2e9233e9b4.pdf,originals/judgments/supreme_court/aphc_official_curated/25fac3969cd9ff8e/e7c18c4a0897ddb4dc687b2e9233e9b4.pdf,application/pdf,890017,English,,,,Project-relevant Supreme Court decision from the official AP High Court landmark/circulated judgments collection
url:417ed9290ab2bcf16fbc7904f6933207be2b12a0b08ee35fdf895813a62d2dbf,"W.P.(C) No. No.352/2023 30-07-2024 Gaurav Kumar Vs Union Of India Chief Justice Dr. Dhananjaya Y. Chandrachud And Justice Jamshed B. Pardiwala The Division Bench (two judges) held that SBCs cannot charge enrolment fees beyond the fees set out in Section 24(1)(f) of the Advocates Act and charging of such exorbitant fees is violative of right to equality under Article 14 and right to practise any profession under Article 19(1)(g) of the Constitution. The Court held that SBCs and Bar Council of India cannot demand additional payment of fees other than the enrolment fees and stamp duty set out in the Advocates Act. The Court pronounced its judgment with prospective effect, clarifying that SBCs are not required to refund excess enrolment fees collected from the applicants before the date of judgment. The judgment of the Court was authored by Chief Justice Chandrachud.",Supreme Court of India (official copy curated by High Court of Andhra Pradesh),judgment,India - Central,Supreme Court of India,30-07-2024,2024,,precedential/verify,,2026-08-20,0aa51275ec2004dbb2ce527a48631e3155334d38840f68b70b06dd0e62d54518,https://aphc.gov.in/docs/imp_judgements/990715a4e2df7bceab69d42517bc29d1.pdf,https://aphc.gov.in/landmark_judgments.php,990715a4e2df7bceab69d42517bc29d1.pdf,originals/judgments/supreme_court/aphc_official_curated/417ed9290ab2bcf1/990715a4e2df7bceab69d42517bc29d1.pdf,application/pdf,444663,English,,,,Project-relevant Supreme Court decision from the official AP High Court landmark/circulated judgments collection
url:44285063e526c846e70a1253b77b924ac1723618a2bff2e281c4965d7ae2a65a,C.A. No. No.8129/2022 05-04-2023 Madhyamam Broadcasting Limited Vs Union Of India Chief Justice (dr.) Dhananjaya Y. Chandrachud And Justice Hima Kohli The Supreme Court held that MIB’s order revoking MBL’s permission for uplinking and downlinking Media One was unconstitutional. The judgement of the Court was authored by Chief Justice Chandrachud.The Supreme Court held that MBL’s right to a fair hearing has been infringed because: (i) MIB’s order revoking Media One’s license did not contain any reasons for denial of security clearance and (ii) the Union’s reasons were not disclosed to MBL and were only disclosed to the Court. The Supreme Court further held that the non-renewal of permission to operate a media channel is a restriction on the freedom of the press which can only be reasonably restricted on the grounds stipulated in Article 19(2) of the Constitution. The Supreme Court held that Media One’s alleged anti-establishment stance and the alleged link of the shareholders of the channel to JEI-H are not legitimate reasons to restrict the right of freedom of speech. The Court directed MIB to proceed with the issuing of renewal permissions in accordance with the Court’s judgment within four weeks.,Supreme Court of India (official copy curated by High Court of Andhra Pradesh),judgment,India - Central,Supreme Court of India,05-04-2023,2023,,precedential/verify,,2026-08-20,13ad5b53cdfd53e1e655565d4ec415b76e0f452718e05ad529894a48356e375e,https://aphc.gov.in/docs/imp_judgements/b86d5c32f1f4794bd7498b5ca534746b.pdf,https://aphc.gov.in/landmark_judgments.php,b86d5c32f1f4794bd7498b5ca534746b.pdf,originals/judgments/supreme_court/aphc_official_curated/44285063e526c846/b86d5c32f1f4794bd7498b5ca534746b.pdf,application/pdf,685521,English,,,,Project-relevant Supreme Court decision from the official AP High Court landmark/circulated judgments collection
url:2123541b7fdc8e77563b95941c91ab67481b0f97d6145c3633477db5a0384a43,"W.P.(C) No. No.1099/2019 02-03-2020 In Re Article 370 Of The Constitution Vs Justice Nuthalapati V. Ramana, Justice Sanjay K. Kaul, Justice Ramayyagari S. Reddy, Justice Bhushan R. Gavai, And Justice Surya Kant The Constitution Bench (five judges) of the Supreme Court unanimously concluded that there is no conflict between the judgments in the Prem Nath Kaul and the Sampat Prakash. The Court therefore declined to refer the issue to a larger bench. The Court also held that the case of Sampat Prakash was not incorrect because it failed to consider the earlier decision in Prem Nath Kaul. This decision paved the way for the legality of abolition of Article 370 to be decided by a Constitution Bench (five judges) as opposed to a larger bench of seven judges.",Supreme Court of India (official copy curated by High Court of Andhra Pradesh),judgment,India - Central,Supreme Court of India,02-03-2020,2020,,precedential/verify,,2026-08-20,ecc87c4a4fcc772f97867a784b6f2449c384caf495e06e0aa6be56576f03e123,https://aphc.gov.in/docs/imp_judgements/4e9ba0469a47fef5acdc10523fae9c1d.pdf,https://aphc.gov.in/landmark_judgments.php,4e9ba0469a47fef5acdc10523fae9c1d.pdf,originals/judgments/supreme_court/aphc_official_curated/2123541b7fdc8e77/4e9ba0469a47fef5acdc10523fae9c1d.pdf,application/pdf,469710,English,,,,Project-relevant Supreme Court decision from the official AP High Court landmark/circulated judgments collection
url:dc0a4c3aa2884c2b2a61add7ba385646e91c43e4f66a180e17b7c5d707efdc6f,Writ Petition (Civil) No. No.989/2025 03-11-2025 Jyoti Praveen Khandpasole Vs Union Of India & Ors. Justice B.v. Nagarathna And Justice R. Mahadevan Directed to disseminate among stakeholders and solicit compliance regarding victim compensation mechanisms.,Supreme Court of India (official copy curated by High Court of Andhra Pradesh),judgment,India - Central,Supreme Court of India,03-11-2025,2025,,precedential/verify,,2026-08-20,644d74c430fc83f8e397bc4f283a046415ea0f9408c17d7493814df232382809,https://aphc.gov.in/docs/circulated_judgements/judgment_Writ Petition (Civil) No._989_1782196595.pdf,https://aphc.gov.in/circulated_judgments.php,judgment_Writ Petition (Civil) No._989_1782196595.pdf,originals/judgments/supreme_court/aphc_official_curated/dc0a4c3aa2884c2b/judgment_Writ Petition (Civil) No._989_1782196595.pdf,application/pdf,53694,English,,,,Project-relevant Supreme Court decision from the official AP High Court landmark/circulated judgments collection
url:ee79b530a7e644e9008417f77eae6c61034be0b062b887a3c9e67033e3bdac0d,"Appeal (civil) No. No.481/1980 L. Chandra Kumar Vs Union Of India And Others A.m. Ahmadi, M.m. Punchhi, K. Ramaswamy, S.p. Bharucha Power of judicial review vested in Supreme Court and High Court is an integral and essential feature of the Constitution constituting part of its inviolable basic structure-Tribunals created pursuant to Articles 323A and 323B cannot exercise power of judicial review of legislative action to the exclusion of High Courts and Supreme Court-They cannot act as substitutes for High Courts and Supreme Court - However, they are competent to test the vires of statutory provisions except the legislation which creates the particular Tribunal and they may perform a supplemental role in this respect: but their decisions will be subject to High Courts writ jurisdiction under Article 226/227 before a Division Bench-No appeal will directly lie before Supreme Court under Article 136- These directions will apply prospectively - Theory of alternative institutional mechanism, reviewed.",Supreme Court of India (official copy curated by High Court of Andhra Pradesh),judgment,India - Central,Supreme Court of India,,,,precedential/verify,,2026-08-20,6778de39525f61a6f5744f984733a6efd77e43122f8c6ee619789298907f67f5,https://aphc.gov.in/docs/imp_judgements/L_Chandra_Kumar_vs_Union_Of_India_And_Others_on_18_March_1997.PDF,https://aphc.gov.in/landmark_judgments.php,L_Chandra_Kumar_vs_Union_Of_India_And_Others_on_18_March_1997.PDF,originals/judgments/supreme_court/aphc_official_curated/ee79b530a7e644e9/L_Chandra_Kumar_vs_Union_Of_India_And_Others_on_18_March_1997.PDF,application/pdf,372035,English,,,,Project-relevant Supreme Court decision from the official AP High Court landmark/circulated judgments collection
url:7246245fb66592d576027346f27bc7562012843f962b8bc2594fc9ed7b137e3d,2. WP/455/2022 2022:APHC:4600 M/S. ADANI PORTS AND SPECIAL ECONOMIC ZONE LIMITED Vs THE VISHAKHPATNAM PORT TRUST Hon'ble Justice D.V.S.S.SOMAYAJULU 03-03-2022 PDF,High Court of Andhra Pradesh,judgment,India - Andhra Pradesh,High Court of Andhra Pradesh,03-03-2022,2022,,precedential/verify,,2026-08-20,ebae04f7c1304ac93699699abd267cb7544a90d43fc61d167b1f05d2a5a6c368,https://digi-services.aphc.ap.gov.in/citation/public/citation_files/206300004552022_4.pdf,https://digi-services.aphc.ap.gov.in/eaphcr/hc_judgements.php,206300004552022_4.pdf,originals/judgments/high_courts/andhra_pradesh/7246245fb66592d5/206300004552022_4.pdf,application/pdf,377157,English,,,,Project-relevant decision from the official eAPHCR curated translation collection
url:c9f095115225730c29890f7f1f2a4eeb39d5dfac02bf324e7c89ce17d14cec84,3. CRLP/712/2023 2023:APHC:3445 RAJ GANESH RAMESH KUMAR Vs THE STATE OF ANDHRA PRADESH Hon'ble Justice B S BHANUMATHI 09-02-2023 PDF,High Court of Andhra Pradesh,judgment,India - Andhra Pradesh,High Court of Andhra Pradesh,09-02-2023,2023,,precedential/verify,,2026-08-20,b672f60b576aeba35c48e4d5bc661866dfdf2a809f7e67290c358e1ed112ad49,https://digi-services.aphc.ap.gov.in/citation/public/citation_files/202100007122023_1.pdf,https://digi-services.aphc.ap.gov.in/eaphcr/hc_judgements.php,202100007122023_1.pdf,originals/judgments/high_courts/andhra_pradesh/c9f095115225730c/202100007122023_1.pdf,application/pdf,285369,English,,,,Project-relevant decision from the official eAPHCR curated translation collection
url:aa055bff11072fb6ffc980d9fa2714230c5aebad338bb695641f053232eba81a,"6. WP/12765/2019 2019:APHC:17560 Mohan Porey, Vs The State of Andhra Pradesh, Hon'ble Justice G. SHYAM PRASAD 03-09-2019 PDF",High Court of Andhra Pradesh,judgment,India - Andhra Pradesh,High Court of Andhra Pradesh,03-09-2019,2019,,precedential/verify,,2026-08-20,849ed247d9b9f168d065cd5ded3be17a37666d187d9b014334d360c23b84c477,https://digi-services.aphc.ap.gov.in/citation/public/citation_files/206300127652019_1.pdf,https://digi-services.aphc.ap.gov.in/eaphcr/hc_judgements.php,206300127652019_1.pdf,originals/judgments/high_courts/andhra_pradesh/aa055bff11072fb6/206300127652019_1.pdf,application/pdf,58613,English,,,,Project-relevant decision from the official eAPHCR curated translation collection
url:17a675b298e57e24e344001f63ac973eeb44f799fc953b4f7fb332431d7e1606,7. SA/562/2018 2022:APHC:8437 GAMPALA NAGA RAJU Vs SHAIK NAZEERUNNISA Hon'ble Justice SUBBA REDDY SATTI 01-04-2022 PDF,High Court of Andhra Pradesh,judgment,India - Andhra Pradesh,High Court of Andhra Pradesh,01-04-2022,2022,,precedential/verify,,2026-08-20,52299c6e96f1422276ab24f4d1d5e4eaad9c51c54076442fd12306c4bbc17175,https://digi-services.aphc.ap.gov.in/citation/public/citation_files/204900005622018_4.pdf,https://digi-services.aphc.ap.gov.in/eaphcr/hc_judgements.php,204900005622018_4.pdf,originals/judgments/high_courts/andhra_pradesh/17a675b298e57e24/204900005622018_4.pdf,application/pdf,115420,English,,,,Project-relevant decision from the official eAPHCR curated translation collection
url:5efb3ba8f68b86bfe9e67669c43d12dcba3f60631c817fb361233c6ef254c344,8. CRLRC/928/2019 2020:APHC:26070 M/s. Bangi Linganna Vs State of Andhra Pradesh Hon'ble Justice CHEEKATI MANAVENDRANATH ROY 27-01-2020 PDF,High Court of Andhra Pradesh,judgment,India - Andhra Pradesh,High Court of Andhra Pradesh,27-01-2020,2020,,precedential/verify,,2026-08-20,52299c6e96f1422276ab24f4d1d5e4eaad9c51c54076442fd12306c4bbc17175,https://digi-services.aphc.ap.gov.in/citation/public/citation_files/202200009282019_14.pdf,https://digi-services.aphc.ap.gov.in/eaphcr/hc_judgements.php,202200009282019_14.pdf,originals/judgments/high_courts/andhra_pradesh/5efb3ba8f68b86bf/202200009282019_14.pdf,application/pdf,115420,English,,,,Project-relevant decision from the official eAPHCR curated translation collection
url:9eae6c387f08a6c084226119e037186dc57388987ef53f98639747e5e04b5dde,9. CRP/690/2019 2020:APHC:30448 SUNKU NAGARAJU CHETTY (DIED) Vs GOWDAPAGARI NAGABHUSHANA REDDY Hon'ble Justice M.VENKATA RAMANA 02-03-2020 PDF,High Court of Andhra Pradesh,judgment,India - Andhra Pradesh,High Court of Andhra Pradesh,02-03-2020,2020,,precedential/verify,,2026-08-20,85b420e49103a40e82cbfd0feea2fdf1077bc32097076bd57a81c9a45d7acf72,https://digi-services.aphc.ap.gov.in/citation/public/citation_files/202300006902019_1.pdf,https://digi-services.aphc.ap.gov.in/eaphcr/hc_judgements.php,202300006902019_1.pdf,originals/judgments/high_courts/andhra_pradesh/9eae6c387f08a6c0/202300006902019_1.pdf,application/pdf,465226,English,,,,Project-relevant decision from the official eAPHCR curated translation collection
url:c83b6b6599686be69bfacb82a5607a817e5eedb15b243b677f29d4e5080131a0,"10. CRLRC/1009/2019 2020:APHC:32313 Veerisetty Ramesh Babu, Vs Veerisetty Ramadevi, Hon'ble Justice CHEEKATI MANAVENDRANATH ROY 24-04-2020 PDF",High Court of Andhra Pradesh,judgment,India - Andhra Pradesh,High Court of Andhra Pradesh,24-04-2020,2020,,precedential/verify,,2026-08-20,a6726c649e9b669c03d61a03596902bb11cfbdadf124e541e8707d2783a0f0da,https://digi-services.aphc.ap.gov.in/citation/public/citation_files/202200010092019_1.pdf,https://digi-services.aphc.ap.gov.in/eaphcr/hc_judgements.php,202200010092019_1.pdf,originals/judgments/high_courts/andhra_pradesh/c83b6b6599686be6/202200010092019_1.pdf,application/pdf,369921,English,,,,Project-relevant decision from the official eAPHCR curated translation collection
url:ab3a06a166cdb8677c7849dc2811e8fd1cc537f53c8182bd77718676661948db,11. CRLP/3933/2021 2021:APHC:13391 Korra Bhaskara Rao Vs The State of Andhra Pradesh Hon'ble Justice LALITHA KANNEGANTI 22-07-2021 PDF,High Court of Andhra Pradesh,judgment,India - Andhra Pradesh,High Court of Andhra Pradesh,22-07-2021,2021,,precedential/verify,,2026-08-20,a4eeadb30dc534a97873531aad28312c2dd80ee64f1a8dd91643a22f87a59ec2,https://digi-services.aphc.ap.gov.in/citation/public/citation_files/202100039332021_2.pdf,https://digi-services.aphc.ap.gov.in/eaphcr/hc_judgements.php,202100039332021_2.pdf,originals/judgments/high_courts/andhra_pradesh/ab3a06a166cdb867/202100039332021_2.pdf,application/pdf,215176,English,,,,Project-relevant decision from the official eAPHCR curated translation collection
url:064f21a6147d729e82c53ef7c75c256ee2d953dc4b90212770333d1f8dbfa133,"13. MACMA/1027/2012 2023:APHC:12164 The Branch Manager, Vs Jetti Kumara Swamy Hon'ble Justice VENUTHURUMALLI GOPALA KRISHNA RAO 24-04-2023 PDF",High Court of Andhra Pradesh,judgment,India - Andhra Pradesh,High Court of Andhra Pradesh,24-04-2023,2023,,precedential/verify,,2026-08-20,e0a76f0b1f4e27b153079ecaa0925f97bb89522487f68f164df7cc8ecc9f1ed7,https://digi-services.aphc.ap.gov.in/citation/public/citation_files/203600010272012_2.pdf,https://digi-services.aphc.ap.gov.in/eaphcr/hc_judgements.php,203600010272012_2.pdf,originals/judgments/high_courts/andhra_pradesh/064f21a6147d729e/203600010272012_2.pdf,application/pdf,435345,English,,,,Project-relevant decision from the official eAPHCR curated translation collection
url:8881119cdc7becb04aca7ba5d616cf8f71d2fb551579e05bf761018fadc08b27,"14. CRLP/2378/2014 2022:APHC:45968 KODURU SUBASH CHANDRA BOSE Vs THE STATE OF AP., REP BY ITS FOOD INSPECTOR Hon'ble Justice PRASHANT KUMAR MISHRA 16-12-2022 PDF",High Court of Andhra Pradesh,judgment,India - Andhra Pradesh,High Court of Andhra Pradesh,16-12-2022,2022,,precedential/verify,,2026-08-20,409e0cb0fd237dab77e72399f8c5177418f24e4a4c012e6ebd6b4232ae17822b,https://digi-services.aphc.ap.gov.in/citation/public/citation_files/202100023782014_4.pdf,https://digi-services.aphc.ap.gov.in/eaphcr/hc_judgements.php,202100023782014_4.pdf,originals/judgments/high_courts/andhra_pradesh/8881119cdc7becb0/202100023782014_4.pdf,application/pdf,504193,English,,,,Project-relevant decision from the official eAPHCR curated translation collection
url:57e77927a1e6dd09022ae966ac3193a8a85308fbe0c357487353fc963ed32d54,16. CRP/1078/2019 2020:APHC:30906 A RAJAGOPAL REDDY Vs G SWAMY REDDY Hon'ble Justice G. SHYAM PRASAD 12-02-2020 PDF,High Court of Andhra Pradesh,judgment,India - Andhra Pradesh,High Court of Andhra Pradesh,12-02-2020,2020,,precedential/verify,,2026-08-20,5ae4d52f3d21546c55d55dd235c06bc0fd9b9ee8c760696d2aaf86b5d3853fa2,https://digi-services.aphc.ap.gov.in/citation/public/citation_files/202300010782019_3.pdf,https://digi-services.aphc.ap.gov.in/eaphcr/hc_judgements.php,202300010782019_3.pdf,originals/judgments/high_courts/andhra_pradesh/57e77927a1e6dd09/202300010782019_3.pdf,application/pdf,475571,English,,,,Project-relevant decision from the official eAPHCR curated translation collection
url:ab8cb3b807f5f4bb5db5ac5cdc39921460ad477d980a40664bf93dba035631c3,17. CRLP/371/2023 2023:APHC:3433 KASTURI SURYANARAYANA AT SURI AT MUKKU SURI Vs THE STATE OF ANDHRA PRADESH Hon'ble Justice R RAGHUNANDAN RAO 10-02-2023 PDF,High Court of Andhra Pradesh,judgment,India - Andhra Pradesh,High Court of Andhra Pradesh,10-02-2023,2023,,precedential/verify,,2026-08-20,53cb336bd029bb72ac0dc228cd32b6bc477460aa3e6b2433ca78a16e2ee15cf3,https://digi-services.aphc.ap.gov.in/citation/public/citation_files/202100003712023_4.pdf,https://digi-services.aphc.ap.gov.in/eaphcr/hc_judgements.php,202100003712023_4.pdf,originals/judgments/high_courts/andhra_pradesh/ab8cb3b807f5f4bb/202100003712023_4.pdf,application/pdf,240412,English,,,,Project-relevant decision from the official eAPHCR curated translation collection
url:250adf7465a5fd2ff20dd308704fdbc3284d1949cf8285487c50aa1cd6369f4a,18. CRLP/5704/2022 2022:APHC:23631 JATOTH ADITYA RATHOD Vs State of Andhra Pradesh Hon'ble Justice RAVI CHEEMALAPATI 12-08-2022 PDF,High Court of Andhra Pradesh,judgment,India - Andhra Pradesh,High Court of Andhra Pradesh,12-08-2022,2022,,precedential/verify,,2026-08-20,a8e030fc7d712ec5d05bd7f70b226088ce4f24a37c423e6558480a61d874335b,https://digi-services.aphc.ap.gov.in/citation/public/citation_files/202100057042022_1.pdf,https://digi-services.aphc.ap.gov.in/eaphcr/hc_judgements.php,202100057042022_1.pdf,originals/judgments/high_courts/andhra_pradesh/250adf7465a5fd2f/202100057042022_1.pdf,application/pdf,275586,English,,,,Project-relevant decision from the official eAPHCR curated translation collection
url:87fda70c10cbd17f14c8603924aec939a69fbfd1c8296618d65af5c550383913,"23. WP(PIL)/132/2021 2022:APHC:5069 BOLLINENI RAJAGOPAL NAIDU, Vs The State of Andhra Pradesh, Hon'ble Justice PRASHANT KUMAR MISHRA Hon'ble Justice A V SESHA SAI 08-03-2022 PDF",High Court of Andhra Pradesh,judgment,India - Andhra Pradesh,High Court of Andhra Pradesh,08-03-2022,2022,,precedential/verify,,2026-08-20,6d77d7ccd7a571d08583185af20147c07da681b77055c54e2245d9591ec44e4f,https://digi-services.aphc.ap.gov.in/citation/public/citation_files/206400001322021_7.pdf,https://digi-services.aphc.ap.gov.in/eaphcr/hc_judgements.php,206400001322021_7.pdf,originals/judgments/high_courts/andhra_pradesh/87fda70c10cbd17f/206400001322021_7.pdf,application/pdf,606274,English,,,,Project-relevant decision from the official eAPHCR curated translation collection
url:69a1664e2c81d4be67bc237aaac427c9679ac175649440f1f7818cf3b7ded7c3,"24. CRLRC/404/2021 2021:APHC:19835 Ravuru Nagaraju Vs The State of Andhra Pradesh, Hon'ble Justice LALITHA KANNEGANTI 23-09-2021 PDF",High Court of Andhra Pradesh,judgment,India - Andhra Pradesh,High Court of Andhra Pradesh,23-09-2021,2021,,precedential/verify,,2026-08-20,6d77d7ccd7a571d08583185af20147c07da681b77055c54e2245d9591ec44e4f,https://digi-services.aphc.ap.gov.in/citation/public/citation_files/202200004042021_4.pdf,https://digi-services.aphc.ap.gov.in/eaphcr/hc_judgements.php,202200004042021_4.pdf,originals/judgments/high_courts/andhra_pradesh/69a1664e2c81d4be/202200004042021_4.pdf,application/pdf,606274,English,,,,Project-relevant decision from the official eAPHCR curated translation collection
url:61aa68a3a586d6cf54e7ce45e24969629de781f8560e02d38cbed5b3e441f53b,25. CRLP/788/2022 2022:APHC:7432 THE STATE THROUGH CBI Vs T.GANGI REDDY AT YERRA GANGI REDDY Hon'ble Justice CHEEKATI MANAVENDRANATH ROY 16-03-2022 PDF,High Court of Andhra Pradesh,judgment,India - Andhra Pradesh,High Court of Andhra Pradesh,16-03-2022,2022,,precedential/verify,,2026-08-20,bcafcb6c7032592ec3886b06358c3885e1d4b03fa527da45d0add452db8c425e,https://digi-services.aphc.ap.gov.in/citation/public/citation_files/202100007882022_4.pdf,https://digi-services.aphc.ap.gov.in/eaphcr/hc_judgements.php,202100007882022_4.pdf,originals/judgments/high_courts/andhra_pradesh/61aa68a3a586d6cf/202100007882022_4.pdf,application/pdf,265147,English,,,,Project-relevant decision from the official eAPHCR curated translation collection
url:fb153c37c8f9c5561155ffb9ef30d9e6f3ffd29e508e89b211a9e1dc77c01de1,"The Protection of Children from Sexual Offences Act, 2012","Uttar Pradesh Police, Government of Uttar Pradesh",act,India - Central,,,2012,,current/verify,,2026-08-20,29627f9717f1e47f6d79ab783bfba5781bda853ef5977904a0b7cd7cb83f720b,https://uppolice.gov.in/Site-Content/uploaded-content/pdf/childprotection31072012.pdf,https://uppolice.gov.in/pages/en/topmenu/police-units/training-directorate/en-acts,childprotection31072012.pdf,originals/government/uppolice.gov.in/fb153c37c8f9c556/childprotection31072012.pdf,application/pdf,2815350,English,,,,Curated official direct PDF; index page was unavailable or unstable during collection
url:291e10bf78e5005db7675c03bdc26b6a4bedca77054d0f7c14ac02033c322879,"The Dowry Prohibition Act, 1961 (as amended in 1986)","Uttar Pradesh Police, Government of Uttar Pradesh",act,India - Central,,,1961,,current/verify,,2026-08-20,b54ca1cfa077654c6f87728fdd51dea70a64ca77fd6a193fefe3cb77170cf6f5,https://uppolice.gov.in/site/writereaddata/siteContent/acts/202202171231581300TheDowryProhibitionAct1961.pdf,https://uppolice.gov.in/pages/en/topmenu/police-units/training-directorate/en-acts,202202171231581300TheDowryProhibitionAct1961.pdf,originals/government/uppolice.gov.in/291e10bf78e5005d/202202171231581300TheDowryProhibitionAct1961.pdf,application/pdf,245181,English,,,,Curated official direct PDF; index page was unavailable or unstable during collection
url:5e6abda07119ac19f0cf1e65f358228f54c3b51d47c2c3b6297b7f44cc942795,"The Protection of Women from Domestic Violence Act, 2005","Women and Child Development Department, Government of Haryana",act,India - Central,,,2005,,current/verify,,2026-08-20,cbed77be9dfdb1714f804e8e93c01b57dfc008ef75e62c6fc9dc785193100f8b,https://cdnbbsr.s3waas.gov.in/s34c144c47ecba6f8318128703ca9e2601/uploads/2024/11/20241128726886677.pdf,https://wcdhry.gov.in/document-category/domestic-violence/,20241128726886677.pdf,originals/government/cdnbbsr.s3waas.gov.in/5e6abda07119ac19/20241128726886677.pdf,application/pdf,338904,English,,,,Curated official direct PDF; index page was unavailable or unstable during collection
url:3cdd6ade272794797f6044b99f62c723f58d7fbdda136208d82fb89a57ddd5ab,"The Protection of Women from Domestic Violence Rules, 2006","Women and Child Development Department, Government of Haryana",rule,India - Central,,,2006,,current/verify,,2026-08-20,7ffbf42e9ce5694da14bbb1410488dc463f939e67cf0c72453b2babfeea957da,https://cdnbbsr.s3waas.gov.in/s34c144c47ecba6f8318128703ca9e2601/uploads/2024/11/20241128164530289.pdf,https://wcdhry.gov.in/document-category/domestic-violence/,20241128164530289.pdf,originals/government/cdnbbsr.s3waas.gov.in/3cdd6ade27279479/20241128164530289.pdf,application/pdf,7824872,English,,,,Curated official direct PDF; index page was unavailable or unstable during collection
url:3bad05b25181189a89ce1ac95a48d6a731428345a2ee3a68bfdfc79b20c5564c,"The Legal Services Authorities Act, 1987",National Legal Services Authority,act,India - Central,,,1987,,current/verify,,2026-08-20,3aae5d5c9f8c2ad100c0553c351af559e35fb36c3fc68a921fd1e64dd4a9318f,https://cdnbbsr.s3waas.gov.in/s32e45f93088c7db59767efef516b306aa/uploads/2025/04/202504081796627129.pdf,https://nalsa.gov.in/the-legal-services-authorities-act-1987/,202504081796627129.pdf,originals/government/cdnbbsr.s3waas.gov.in/3bad05b25181189a/202504081796627129.pdf,application/pdf,160490,English,,,,Curated official direct PDF; index page was unavailable or unstable during collection
url:855a07aa42bc0b7e413b6b375700616bed4eb49b7d60c684f3b22342a0bd514d,"The Scheduled Castes and Scheduled Tribes (Prevention of Atrocities) Act, 1989","Department of Social Justice and Empowerment, Government of India",act,India - Central,,,1989,,current/verify,,2026-08-20,f3f51b20a1176786db2ea744e6914655ca98f5a74c9411d29f857610ad3bcc7f,https://socialjustice.gov.in/writereaddata/UploadFile/60031764233206.pdf,https://socialjustice.gov.in/whats-new/26543,60031764233206.pdf,originals/government/socialjustice.gov.in/855a07aa42bc0b7e/60031764233206.pdf,application/pdf,754121,English,,,,Curated official direct PDF; index page was unavailable or unstable during collection
url:68f556f1326ca9a28f850404ac57c82230b31e62c9f11276163dc1de12e47aed,"The Scheduled Castes and Scheduled Tribes (Prevention of Atrocities) Rules, 1995","Department of Social Justice and Empowerment, Government of India",rule,India - Central,,,1995,,current/verify,,2026-08-20,f7c403f984f0966723f223cabc0f7112603bd1af73e0c1f11d160293684f5438,https://socialjustice.gov.in/writereaddata/UploadFile/POA%20Act.pdf,https://socialjustice.gov.in/whats-new/26543,POA Act.pdf,originals/government/socialjustice.gov.in/68f556f1326ca9a2/POA Act.pdf,application/pdf,480133,English,,,,Curated official direct PDF; index page was unavailable or unstable during collection
url:a90de88e208df440db0a191d74e9092515d7deef04ba601dcc751b65eb0bfdea,"The Scheduled Castes and Scheduled Tribes (Prevention of Atrocities) Amendment Rules, 2016","Department of Social Justice and Empowerment, Government of India",rule,India - Central,,,2016,,current/verify,,2026-08-20,e5bb4585a2c3251c0b005644fdbda10342d2b9c4e6edfda53534439b9ab992fb,https://socialjustice.gov.in/writereaddata/UploadFile/36471726562533.pdf,https://socialjustice.gov.in/whats-new/26543,36471726562533.pdf,originals/government/socialjustice.gov.in/a90de88e208df440/36471726562533.pdf,application/pdf,529346,English,,,,Curated official direct PDF; index page was unavailable or unstable during collection
url:4f721526038cbe57c0eeaefdf3648927ab908bd46fe5b9fcf4e661a25c08f400,"The Scheduled Castes and Scheduled Tribes (Prevention of Atrocities) Amendment Rules, 2018","Department of Social Justice and Empowerment, Government of India",rule,India - Central,,,2018,,current/verify,,2026-08-20,bfc955df53c36b0c8e0b56afeeb31300795e2026898aed4623aa9eecd852e1c6,https://socialjustice.gov.in/writereaddata/UploadFile/10951726563067.pdf,https://socialjustice.gov.in/whats-new/26543,10951726563067.pdf,originals/government/socialjustice.gov.in/4f721526038cbe57/10951726563067.pdf,application/pdf,1254526,English,,,,Curated official direct PDF; index page was unavailable or unstable during collection
url:34578c3f300c1d565c1c52eb9162e45e140eb9b62db2db3ad1cdf0122c82a6bb,"The Contempt of Courts Act, 1971","Department of Justice, Ministry of Law and Justice, Government of India",act,India - Central,,,1971,,current/verify,,2026-08-20,b22e4ac300b4449f0157e80054dd7718aa121a42dafec846e6562819d834d89d,https://www.doj.gov.in/static/uploads/2025/09/e54be580d1f8174bfec775b1bfefc089.pdf,https://doj.gov.in/acts-and-rules/,e54be580d1f8174bfec775b1bfefc089.pdf,originals/government/www.doj.gov.in/34578c3f300c1d56/e54be580d1f8174bfec775b1bfefc089.pdf,application/pdf,837260,English,,,,Curated official direct PDF; index page was unavailable or unstable during collection
url:ed616d475c34510dd04d620836263f35118efc81e5be5ad50c3d2403068eb582,"The Prevention of Corruption Act, 1988","State Vigilance and Anti-Corruption Bureau, Government of Himachal Pradesh",act,India - Central,,,1988,,current/verify,,2026-08-20,5bb7f999f7d2c69d6da7aab5bc2878d7fe0f627d75446f1a39e3abedc4751645,https://hpsvacb.hp.gov.in/storage/app/media/E_LiveWebsitesHPSVACBNotificationPrevention%20of%20Corruption%20%20Act%201988.pdf,https://hpsvacb.hp.gov.in/act-and-rules,E_LiveWebsitesHPSVACBNotificationPrevention of Corruption  Act 1988.pdf,originals/government/hpsvacb.hp.gov.in/ed616d475c34510d/E_LiveWebsitesHPSVACBNotificationPrevention of Corruption  Act 1988.pdf,application/pdf,130795,English,,,,Curated official direct PDF; index page was unavailable or unstable during collection
url:fc627bc99d8b65b63b9a1116df242a5ceb10a9230ea6be2d97bfd38290c76ca5,"The Prevention of Corruption (Amendment) Act, 2018","Controller General of Communication Accounts, Department of Telecommunications, Government of India",amendment_act,India - Central,,,2018,,current/verify,,2026-08-20,1676aed7e30f5ce999fed59d38ab166426ad929a90d6af36af35a623b4b39c56,https://cgca.gov.in/pdf/PC_Act_Amendment_2018.pdf,https://cgca.gov.in/right,PC_Act_Amendment_2018.pdf,originals/government/cgca.gov.in/fc627bc99d8b65b6/PC_Act_Amendment_2018.pdf,application/pdf,117135,English,,,,"Curated official direct PDF; CGCA TLS certificate-chain validation was unavailable, exact official URL independently verified"
